CustomerID,Recency,Frequency,Monetary,Cluster
12346,326,1,77183.6,0
12747,3,11,4196.01,1
12748,1,209,33053.19,1
12749,4,5,4090.88,1
12820,4,4,942.34,1
12821,215,1,92.72,2
12822,71,2,948.88,0
12823,75,5,1759.5,0
12824,60,1,397.12,2
12826,3,7,1474.72,1
12827,6,3,430.15,0
12828,3,6,1018.71,1
12829,337,2,293,2
12830,38,6,6814.64,1
12831,263,1,215.05,2
12832,33,2,383.03,0
12833,146,1,417.38,2
12834,283,1,312.38,2
12836,60,4,2610.36,0
12837,174,1,134.1,2
12838,34,2,671.95,0
12839,3,14,5591.42,1
12840,144,4,2726.77,0
12841,5,25,3991.58,1
12842,71,2,1118.99,0
12843,66,8,1702.26,0
12844,30,2,325.96,0
12845,268,4,354.09,2
12847,23,1,843.64,0
12849,32,2,1010.29,0
12851,97,1,131.81,2
12852,295,1,311.55,2
12853,135,6,1957.1,0
12854,79,3,1316.25,0
12855,373,1,38.1,2
12856,8,6,2170.78,1
12857,211,2,1106.4,0
12863,53,1,521.2,2
12864,139,1,147.12,2
12867,27,7,4009.34,1
12868,186,6,1607.06,0
12871,85,2,380.64,2
12872,327,2,599.97,2
12873,283,1,374,2
12875,144,2,343.23,2
12877,4,12,1535.77,1
12878,237,2,854.99,2
12879,45,3,573.22,0
12881,276,1,298,2
12882,10,2,1463.04,0
12883,25,4,703.47,0
12884,89,1,309.05,2
12885,64,3,1175.22,0
12886,68,2,1378.4,0
12888,215,2,354.12,2
12890,25,1,376.72,2
12891,186,3,331,2
12893,31,1,176.55,2
12895,43,2,372.8,0
12897,205,2,216.5,2
12901,9,28,17654.54,1
12902,265,1,138.68,2
12904,19,2,496.06,0
12906,12,5,2919.81,1
12908,177,2,750,2
12909,40,5,2178.67,0
12910,24,8,3075.04,1
12912,3,5,1662.3,1
12913,5,5,2483.63,1
12915,149,2,363.65,2
12916,139,4,2944.95,0
12917,129,1,594,2
12919,9,6,1335.19,1
12920,18,1,162.78,2
12921,10,37,16587.09,1
12922,162,1,405.38,2
12923,65,1,172.82,2
12924,89,4,933.7,0
12925,5,2,694.05,0
12928,36,5,2062.7,0
12929,312,1,117.85,2
12930,79,2,415.8,2
12931,22,15,42055.96,1
12933,25,3,607.53,0
12935,3,7,2160.7,1
12936,18,4,1063.9,0
12937,16,4,1504.27,0
12938,26,1,114.14,2
12939,65,8,11581.8,1
12940,55,2,899.69,0
12942,132,3,675.6,0
12944,36,2,604.51,0
12945,289,1,462.95,2
12947,144,6,1603.99,0
12948,17,7,2064.95,1
12949,31,8,4167.22,1
12950,3,3,1843,1
12951,9,6,1064.07,1
12952,6,4,1387.79,1
12953,10,1,329.85,0
12955,2,11,4757.16,1
12956,307,1,108.07,2
12957,10,8,4017.54,1
12962,8,2,266.39,0
12963,9,8,1856.63,1
12965,90,1,769.81,2
12966,10,1,160.18,2
12967,359,2,1660.9,0
12968,113,1,135.95,2
12970,8,4,405.47,0
12971,4,86,11189.91,1
12974,198,1,144.8,2
12976,212,1,738.6,2
12977,157,1,39.24,2
12980,158,9,7374.9,1
12981,30,2,372.22,0
12982,243,1,390.54,2
12984,19,1,97.5,2
12985,1,2,1239.38,1
12987,74,2,558.7,0
12988,293,1,505.82,2
12989,4,15,6924.11,1
12990,32,3,409.5,0
12991,24,2,503.76,0
12993,24,4,414.76,0
12994,5,3,974.42,0
12995,86,1,211.32,2
12997,23,4,1226.89,0
12999,197,3,455.88,2
13000,107,3,534.85,0
13001,5,13,9785.97,1
13002,319,1,120.95,2
13003,106,3,149.05,2
13004,12,18,5655.91,1
13005,174,2,513.7,2
13006,57,1,81.57,2
13008,324,1,229.47,2
13011,373,1,50.55,2
13012,10,8,1646.84,1
13013,2,13,4810.94,1
13014,11,10,3466.28,1
13015,54,5,3339.64,0
13016,74,3,789.89,0
13017,8,1,204,2
13018,17,28,7277.7,1
13021,5,9,2616.38,1
13023,65,2,689.9,0
13026,2,5,975.36,1
13027,114,6,6912,0
13028,23,2,661.32,0
13029,31,3,1247.5,0
13030,12,2,752.44,0
13032,53,2,1010.18,0
13033,358,1,190.55,2
13034,55,2,642.77,0
13035,74,2,921.88,0
13037,139,3,881.07,0
13038,81,3,908.46,0
13040,9,2,676.99,0
13043,274,1,516.42,2
13044,292,1,560.47,2
13045,100,1,305.28,2
13046,31,2,629.31,0
13047,32,10,3237.54,1
13048,15,4,1819.41,0
13049,65,2,656.68,0
13050,15,17,5836.86,1
13052,213,1,348.15,2
13055,79,3,1214.41,0
13058,25,3,271.4,0
13059,250,1,183.4,2
13060,254,1,307.53,2
13061,73,1,248.61,2
13062,192,1,346.98,2
13064,13,4,1105.59,0
13065,374,1,205.86,2
13066,25,2,470.8,0
13067,83,1,115.46,2
13068,11,2,344,0
13069,1,24,4431.44,1
13070,193,1,228.8,2
13072,267,1,177.15,2
13075,130,1,919.61,2
13077,2,4,728.02,1
13078,4,26,12627.94,1
13079,5,5,220.1,0
13080,180,1,58.08,2
13081,12,11,28337.38,1
13082,127,9,3613.63,0
13083,5,2,303.75,0
13085,158,2,416.08,2
13089,3,97,58762.08,1
13090,9,14,8910.82,1
13091,29,1,345.82,2
13092,71,5,477.83,0
13093,276,8,7832.47,0
13094,22,12,1927.32,1
13095,71,1,74.4,2
13097,33,10,6003.22,1
13098,2,28,28882.44,1
13099,100,1,207.36,2
13101,235,1,101.19,2
13102,2,24,6424.09,1
13103,40,1,243.94,2
13104,4,6,1098.48,1
13106,134,1,76.5,2
13107,45,4,1531.62,0
13108,373,1,350.06,2
13109,60,2,786.54,0
13110,32,7,1488.67,0
13113,1,24,12245.96,1
13115,12,4,2294.78,1
13116,139,1,501.14,2
13117,22,8,984.91,0
13118,20,5,1197.81,0
13120,239,1,30.6,2
13121,270,1,283.73,2
13122,95,2,922.39,0
13124,90,3,3756.33,0
13126,5,8,2099.64,1
13127,78,1,259.17,2
13130,95,1,64,2
13131,24,3,1073.3,0
13132,262,1,77.3,2
13133,274,2,109.8,2
13134,86,4,1793.58,0
13135,197,1,3096,0
13136,57,5,2607.61,0
13137,11,8,3603.29,1
13138,23,6,962.39,0
13139,17,7,5064.94,1
13140,109,3,422.47,0
13141,85,5,2388.75,0
13142,20,1,307.09,2
13144,333,1,110.95,2
13145,40,4,618.52,0
13146,27,1,228.91,2
13147,11,4,712.8,0
13148,30,12,3683.26,1
13149,15,4,1676.06,0
13151,296,1,1257.87,2
13153,6,1,486.22,0
13155,34,4,971.76,0
13157,50,4,1741.22,0
13158,95,4,1201.06,0
13159,9,4,1429.35,0
13160,23,1,91.8,2
13161,314,1,112.75,2
13162,123,4,1688.29,0
13165,47,2,1021.48,0
13166,284,1,417.2,2
13167,19,4,791.33,0
13168,37,4,1299.59,0
13169,64,2,712.88,0
13170,27,1,108.81,2
13171,22,3,468.41,0
13173,5,2,353.65,0
13174,17,3,2742.82,0
13176,47,1,481.49,2
13177,65,1,282.45,2
13178,27,11,5725.47,1
13182,46,1,121.18,2
13183,8,9,3957.78,1
13184,15,10,1668.95,1
13185,268,1,71.4,2
13186,40,3,1575.89,0
13187,338,1,236.02,2
13188,12,1,114.6,2
13189,19,2,260.68,0
13192,96,2,911.94,0
13193,62,1,112.08,2
13194,136,1,60.7,2
13196,12,4,1797.78,0
13198,11,6,3401.24,1
13199,4,38,9817.12,1
13200,20,4,870.09,0
13203,10,4,869.46,0
13207,16,2,250.26,0
13208,59,6,1217.65,0
13209,31,8,5891.61,1
13210,94,1,353.48,2
13211,11,3,1095.42,0
13212,20,3,786.83,0
13213,57,5,1520.58,0
13216,268,1,333.74,2
13217,123,3,533.98,0
13218,128,1,62.64,2
13220,79,4,819.29,0
13221,241,2,847.41,2
13223,201,2,163.2,2
13224,61,2,2155.95,0
13225,4,7,6463.84,1
13226,274,1,108.21,2
13227,202,1,257.7,2
13228,82,1,358,2
13229,226,1,160.95,2
13230,5,14,2755.63,1
13232,13,7,1328.35,1
13233,75,2,605.12,0
13235,213,1,1031.07,2
13236,25,2,744.85,0
13238,18,4,700.73,0
13239,262,1,329.56,2
13240,97,4,663.65,0
13242,113,3,270.4,2
13243,204,1,585.12,2
13244,93,1,121.74,2
13245,51,1,430.5,2
13246,19,6,1961.52,1
13247,18,4,501.12,0
13248,125,2,465.68,2
13249,93,3,711.41,0
13253,157,2,1030.4,0
13255,10,2,399.51,0
13258,12,3,672.83,0
13259,62,1,283.18,2
13260,62,1,557.62,2
13261,269,2,944.1,2
13262,264,1,200.29,2
13263,2,35,7436.93,1
13265,54,5,2092.66,0
13266,12,12,3834.26,1
13267,3,19,4521.49,1
13268,18,11,3174.75,1
13269,2,15,5343.28,1
13270,367,1,590,2
13271,38,1,211.49,2
13272,32,2,276.56,0
13273,114,1,138.98,2
13276,64,2,590.93,0
13277,16,4,258.4,0
13278,41,1,542.73,2
13279,79,1,137.75,2
13280,123,3,798.46,0
13282,19,3,1132.14,0
13283,60,2,93.66,2
13284,331,1,201.19,2
13285,24,4,2709.12,0
13291,156,1,361.11,2
13292,39,2,578.94,0
13294,190,2,873.74,2
13295,360,1,201.2,2
13296,138,1,87.4,2
13297,8,4,2089.85,1
13298,2,1,360,0
13299,269,1,142.5,2
13300,170,1,371.89,2
13301,104,4,618.09,0
13302,156,1,63.75,2
13304,352,1,300.42,2
13305,5,10,2000.86,1
13307,121,1,15,2
13308,23,3,1385.51,0
13309,8,5,1456.79,1
13310,29,3,1132.03,0
13311,5,2,598.57,0
13313,23,5,1555.32,0
13314,2,3,775.94,0
13316,38,4,5732.93,0
13317,67,6,2273.68,0
13318,2,3,640.76,0
13319,6,26,10845.55,1
13320,79,4,1532.2,0
13321,73,2,567.36,0
13322,18,1,199.48,2
13323,4,5,787.85,1
13324,37,10,7121.95,1
13325,82,1,675.3,2
13327,39,8,3627.77,1
13328,317,1,1308.48,2
13329,32,2,789,0
13330,93,3,1140.93,0
13332,15,1,350.9,2
13334,83,3,3502.32,0
13336,78,1,795.12,2
13338,158,1,487.02,2
13339,201,1,860.12,2
13340,46,7,10736.48,1
13341,261,1,775.85,2
13343,178,1,353.43,2
13344,68,3,2511.69,0
13345,288,1,389.5,2
13347,71,1,341.36,2
13348,65,1,233.76,2
13349,11,1,247.32,2
13350,17,2,979.12,0
13351,67,1,373.94,2
13352,61,1,397.98,2
13354,72,1,743.53,2
13355,123,1,674.7,2
13356,81,1,768.24,2
13357,258,1,609.4,2
13358,269,1,439.03,2
13359,64,1,439.56,2
13362,10,4,3090.74,1
13363,18,2,992.5,0
13364,72,1,134.96,2
13365,34,2,2225.37,0
13366,51,1,56.16,2
13368,257,2,623.4,2
13369,366,1,308.28,2
13370,372,1,754.87,2
13372,90,1,378.64,2
13373,61,3,3312.25,0
13375,89,1,778.65,2
13376,100,3,1019.76,0
13379,27,3,572.56,0
13381,32,6,3639.31,1
13382,281,1,222.99,2
13384,31,7,4151.93,1
13385,330,1,534.57,2
13388,132,2,677.1,2
13389,12,3,797.96,0
13390,75,1,544.08,2
13391,204,1,59.8,2
13394,2,8,2520.02,1
13395,186,1,307.72,2
13396,30,2,1360.99,0
13397,73,5,1544.13,0
13398,193,1,457.34,2
13402,128,2,621.23,2
13403,18,1,75,2
13404,2,2,252.49,0
13405,75,3,572.451,0
13408,2,62,28117.04,1
13410,25,5,1003.06,0
13411,108,1,213.55,2
13414,134,3,1390.5,0
13416,44,2,712.5,0
13417,5,2,640.83,0
13418,12,18,6127.43,1
13419,64,1,221.06,2
13420,150,2,159.85,2
13421,41,2,1833.71,0
13422,65,1,2626.3,0
13425,109,3,1624.21,0
13426,1,10,3641.32,1
13427,20,3,582.6,0
13428,11,1,201.78,2
13429,11,4,1006.8,0
13430,19,2,679.45,0
13431,68,2,1269.1,0
13434,75,2,534.24,0
13435,6,7,3809.89,1
13436,2,1,196.89,0
13437,15,7,3408.06,1
13439,256,1,283.71,2
13441,92,1,296.64,2
13447,24,3,1129.14,0
13448,17,6,3534.69,1
13449,24,1,291.88,2
13450,27,6,2043.72,0
13451,27,5,2898.26,0
13452,260,2,590,2
13453,166,2,356.98,2
13455,25,2,1058.34,0
13456,18,6,1766.72,1
13458,8,14,9646.57,1
13460,30,2,183.44,2
13461,39,3,1445,0
13462,253,1,151.5,2
13464,59,1,674.68,2
13466,185,1,307.9,2
13467,11,2,1071.91,0
13468,2,37,5704.97,1
13470,100,2,165,2
13471,2,4,2501.84,1
13473,61,2,422.64,2
13474,237,1,226.84,2
13475,192,4,1431.78,0
13476,179,2,1238.47,0
13477,38,6,1454.58,0
13479,201,2,300.95,2
13481,46,5,1804.56,0
13482,233,1,184.64,2
13483,66,1,140.34,2
13484,242,1,313.8,2
13485,234,1,454.24,2
13486,79,3,1122.41,0
13487,58,3,575.4,0
13488,18,13,8968.31,1
13489,106,4,449.52,0
13491,52,10,1215.82,0
13494,312,1,316.26,2
13495,8,5,2044.87,1
13496,11,2,653.33,0
13497,283,2,348.05,2
13499,18,5,1159.11,0
13500,24,3,1166.77,0
13502,17,3,292,0
13503,72,1,216.85,2
13504,65,1,295.93,2
13506,317,2,458.52,2
13507,4,4,2479.16,1
13508,244,1,110.97,2
13509,9,7,979.72,1
13510,2,4,1791.56,1
13512,261,1,251.21,2
13513,127,1,205.1,2
13514,74,1,152.2,2
13515,73,4,891.12,0
13516,22,3,1389.41,0
13517,60,3,2128.42,0
13518,86,1,627.16,2
13519,79,1,122.75,2
13521,2,3,1071.73,1
13522,31,1,125.8,2
13523,34,5,3964.88,1
13524,41,5,680.18,0
13525,15,2,628.78,0
13527,34,7,2242.36,1
13529,79,2,307.76,2
13531,206,2,483.8,2
13532,34,1,210.31,2
13533,183,3,269.09,2
13534,3,25,5870.08,1
13536,2,7,3444.39,1
13538,44,7,1280.85,0
13539,86,3,631.34,0
13544,40,2,276.06,2
13546,13,3,621.09,0
13548,97,2,678.16,0
13549,26,7,918.2,0
13551,320,1,91.8,2
13552,67,12,3740.07,1
13555,74,4,4098.88,0
13557,29,2,584.06,0
13558,6,4,594.52,0
13560,8,1,171.42,2
13561,216,1,141.86,2
13562,82,3,1799.33,0
13563,85,2,777.53,0
13564,145,3,1724.67,0
13565,20,2,240.22,0
13566,41,2,856.84,0
13568,174,1,187.05,2
13569,18,2,338.62,0
13570,244,1,239.49,2
13571,13,12,2088.94,1
13572,206,1,1384.25,2
13573,51,2,290.25,2
13575,24,5,732.07,0
13576,11,18,6717.34,1
13577,26,4,1687.6,0
13579,15,2,467.04,0
13581,310,1,118,2
13583,156,1,781.03,2
13584,307,1,142.4,2
13587,64,1,712.4,2
13588,16,9,2478.95,1
13589,15,2,379.65,0
13590,12,6,1981.92,1
13591,65,3,1117.13,0
13592,36,4,247.96,0
13593,109,5,2011.88,0
13594,53,1,396.97,2
13596,6,2,664.11,0
13598,48,1,160.04,2
13599,2,21,5149.92,1
13600,313,1,219.52,2
13601,46,2,693.32,0
13602,65,1,428.89,2
13603,27,1,164.34,2
13606,30,3,276.75,0
13607,41,1,675.51,2
13610,13,7,1082.33,1
13611,90,3,1154.4,0
13614,25,4,1585.46,0
13615,319,1,417.69,2
13617,41,3,544.18,0
13618,174,1,177.34,2
13621,117,1,213.85,2
13623,31,5,727.74,0
13626,253,1,257.23,2
13627,60,5,1638.47,0
13629,24,11,7792.36,1
13630,6,7,2031.78,1
13631,100,11,3070.42,1
13632,25,5,2118.93,0
13634,34,5,1547.36,0
13635,68,1,1071.03,2
13636,37,5,949.12,0
13637,53,3,804.3,0
13638,16,1,122.64,2
13639,75,1,1033.34,2
13642,216,1,312.28,2
13643,32,3,519.44,0
13644,17,4,2624.26,0
13645,121,1,252.1,2
13647,10,4,1648.12,0
13649,257,2,346.6,2
13650,17,6,1836.34,1
13651,36,2,94.2,2
13652,46,3,1095.08,0
13654,44,6,2707.33,0
13655,115,2,932.97,0
13656,165,2,379.65,2
13657,11,2,382.14,0
13658,10,5,2639.17,1
13659,206,2,1563,0
13662,86,3,881.26,0
13663,180,1,189.47,2
13666,61,3,84.65,2
13667,150,1,299.05,2
13668,3,21,6309.83,1
13669,51,2,218.55,2
13670,76,1,349.7,2
13672,302,2,186.39,2
13673,19,2,387.44,0
13675,152,2,486.82,2
13678,152,1,232.6,2
13680,2,4,3719.12,1
13681,18,4,827.83,0
13682,188,1,59.5,2
13684,286,1,65.13,2
13685,3,7,3119.44,1
13686,183,1,72,2
13689,64,1,910,2
13690,60,1,172.25,2
13692,25,3,1488.32,0
13694,4,50,65039.62,1
13695,32,15,2504.13,1
13697,39,1,151.3,2
13699,156,1,308.58,2
13700,27,10,2248.63,1
13703,319,1,99.5,2
13704,6,9,2308.06,1
13705,8,3,711.86,0
13706,303,1,330.79,2
13707,268,2,806.41,2
13708,272,1,285.33,2
13709,4,13,6307.65,1
13710,32,1,180.48,2
13711,219,2,252.06,2
13712,247,1,228.84,2
13715,282,5,1077.39,0
13716,270,1,138.28,2
13717,33,6,1445.01,0
13718,247,2,306.55,2
13719,16,5,1041.68,0
13720,117,4,799.9,0
13721,37,1,524.14,2
13722,132,3,2375.41,0
13723,218,1,199.85,2
13725,50,8,1980.56,0
13726,39,2,1079.66,0
13727,29,2,333.48,0
13728,37,6,1016.14,0
13730,136,2,752.6,2
13731,220,2,610.59,2
13732,29,1,491.86,2
13735,25,4,2883.54,0
13736,6,2,729.8,0
13737,201,1,339.6,2
13739,19,1,216.9,2
13740,241,1,350.75,2
13741,72,3,668.43,0
13742,17,12,3107.87,1
13743,3,7,1341.6,1
13744,96,2,1080.52,0
13745,163,1,300.04,2
13747,374,1,79.6,2
13748,96,5,948.25,0
13750,54,5,1647.26,0
13751,289,1,296.25,2
13752,125,6,1175.38,0
13753,288,1,741.26,2
13754,152,2,282.6,2
13755,4,9,2108.06,1
13756,3,14,5189.52,1
13758,12,7,3190.55,1
13759,34,2,659.41,0
13760,55,2,286.79,2
13761,51,2,1070.65,0
13762,219,1,306.72,2
13763,64,1,1714.96,0
13764,71,3,1519.42,0
13767,3,37,17220.36,1
13769,3,10,2796.51,1
13771,65,4,2634.45,0
13772,34,3,1122.63,0
13774,82,1,345,2
13777,1,33,25977.16,1
13778,104,1,178.7,2
13780,8,2,360.01,0
13781,251,1,127.84,2
13782,13,6,908.86,0
13784,10,11,2462.79,1
13786,368,1,230.4,2
13787,76,2,309.04,2
13790,5,1,348.8,0
13791,128,2,1516,0
13792,67,2,195.55,2
13798,2,57,37153.85,1
13799,117,2,688.86,2
13800,310,1,558.32,2
13801,67,1,324.8,2
13802,139,3,4599.42,0
13803,256,1,277.07,2
13804,31,7,2588.39,1
13805,53,2,924.6,0
13806,64,1,256.38,2
13807,368,1,112.6,2
13808,6,5,1747.66,1
13819,302,3,1140.35,0
13821,145,2,385.64,2
13822,6,2,632,0
13823,19,2,957.66,0
13824,33,5,1698.94,0
13826,177,1,189.5,2
13827,58,3,409.8,0
13828,23,1,209.49,2
13831,17,6,2198.45,1
13832,20,1,52.2,2
13833,160,1,383.85,2
13835,26,4,834.57,0
13837,212,2,266.59,2
13838,6,4,674.82,0
13841,253,1,85,2
13842,59,9,3385.62,1
13844,12,1,361.62,0
13845,65,1,312.98,2
13846,25,3,865.06,0
13848,93,3,1255,0
13849,52,2,1537.95,0
13850,130,1,1595.48,2
13851,96,3,2651.46,0
13853,58,1,1090.14,2
13854,9,25,8109.52,1
13856,169,3,388.5,2
13858,58,1,216.17,2
13859,327,1,201.16,2
13860,2,5,1245.9,1
13862,19,8,2209.36,1
13863,248,1,305.78,2
13865,59,4,501.56,0
13866,75,1,145.67,2
13867,32,3,1005.09,0
13868,8,2,3192.54,0
13869,124,4,3083.65,0
13870,3,8,2770.94,1
13871,23,13,6403.25,1
13873,120,3,389.6,2
13874,359,1,540.45,2
13875,54,5,1786.79,0
13876,64,1,122.7,2
13877,87,1,117.24,2
13878,55,1,1271.57,0
13880,22,13,3219.77,1
13881,4,20,17159.52,1
13882,3,5,1191.13,1
13883,11,5,2674.48,1
13884,8,5,787.6,0
13885,190,2,506.8,2
13886,72,1,243.56,2
13887,205,1,349.55,2
13888,120,2,595.67,2
13889,93,1,416.9,2
13890,2,10,1883.81,1
13892,27,4,632.97,0
13893,298,1,821.1,2
13894,24,3,564.62,0
13895,29,4,2593.07,0
13897,51,1,311.16,2
13898,326,1,155.93,2
13899,17,2,388.52,0
13900,184,3,740.95,0
13901,73,5,2867.2,0
13904,38,2,332.64,0
13908,80,4,2369.55,0
13911,58,9,2580.91,1
13914,12,2,626.45,0
13917,50,2,272.04,2
13918,50,2,1212.84,0
13922,352,1,172.25,2
13923,54,1,351.13,2
13924,2,6,1838.85,1
13925,93,4,678.25,0
13926,24,1,223.85,2
13927,75,1,348.99,2
13928,11,4,464.57,0
13929,170,2,842.65,2
13930,58,2,337.34,2
13931,96,2,1237.53,0
13932,295,1,307.4,2
13933,110,2,608.79,2
13934,264,1,922.1,2
13936,180,1,376.58,2
13937,170,1,158.85,2
13938,36,1,71.66,2
13939,24,3,568.55,0
13940,18,4,839.14,0
13941,22,5,5112.96,1
13946,80,3,561.57,0
13947,66,1,90.6,2
13948,361,1,102,2
13949,3,6,2427.32,1
13950,12,4,745.06,0
13951,177,3,674.45,0
13952,218,2,3251.071,0
13953,8,7,3515.68,1
13954,2,2,439.92,0
13955,155,2,322.96,2
13956,6,5,1019.27,1
13959,80,3,594.04,0
13960,22,2,230.22,0
13962,22,2,169.55,2
13963,309,4,664.54,0
13967,146,1,80.7,2
13969,8,18,9024.17,1
13971,19,8,2758.26,1
13972,71,2,190.25,2
13973,288,1,264.7,2
13974,50,1,413.59,2
13975,32,6,2461.24,0
13976,207,1,357.98,2
13978,15,2,196.79,0
13979,74,1,869.87,2
13980,61,1,200.14,2
13982,40,4,1871.81,0
13983,30,12,2603.43,1
13984,27,5,920.51,0
13985,5,15,7060.13,1
13986,18,1,320.46,2
13988,20,6,4147.96,1
13989,66,2,1266.08,0
13990,214,1,311.3,2
13991,13,6,852.88,0
13992,31,1,76.8,2
13993,43,9,3466.36,1
13994,4,6,2274.14,1
13995,16,5,1393.69,0
13999,11,12,3901.81,1
14000,212,1,635.66,2
14001,46,3,2043.08,0
14002,135,2,529.73,2
14004,44,7,4582.64,1
14005,10,5,2874.72,1
14006,116,3,962.19,0
14009,199,2,695.61,2
14012,278,1,328.8,2
14013,111,3,473.02,0
14014,78,1,505.18,2
14015,53,1,917.34,2
14019,47,3,1421.61,0
14020,17,2,642.8,0
14021,156,3,631.9,0
14022,226,1,440,2
14023,8,2,584.07,0
14024,122,2,327.7,2
14027,61,1,104.82,2
14029,64,2,467.66,0
14030,19,8,2358.84,1
14031,8,19,17286.86,1
14032,3,11,2975.59,1
14034,23,3,648.89,0
14035,29,5,1428.02,0
14036,285,1,626.65,2
14037,177,2,147.2,2
14038,79,3,1560.38,0
14039,34,1,152.2,2
14040,41,12,3560.32,1
14041,267,1,141.41,2
14044,27,4,646.42,0
14045,110,4,1659.75,0
14046,285,1,154.99,2
14047,9,5,1308.61,1
14048,306,1,409.93,2
14049,17,4,5578.72,1
14050,32,2,746.36,0
14051,1,23,15610.39,1
14052,20,1,225.36,2
14053,125,2,260.25,2
14054,66,1,92.46,2
14055,107,1,725.64,2
14056,2,23,8152.71,1
14057,24,17,6211.66,1
14059,267,1,183.6,2
14060,5,19,6140.42,1
14062,10,12,10464.85,1
14064,30,5,1334.34,0
14066,267,1,152.55,2
14067,64,2,374.7,2
14068,321,1,265.85,2
14071,4,8,1437.57,1
14073,33,1,151.04,2
14075,5,3,942.26,0
14076,130,1,118.67,2
14077,41,5,499.42,0
14078,102,6,1049.37,0
14079,125,1,375.1,2
14080,33,1,45.6,2
14081,303,2,921.62,2
14082,365,1,182.25,2
14083,5,9,1002.9,1
14085,3,18,4421.29,1
14087,3,1,191.47,0
14088,11,13,50491.81,1
14089,57,1,158.75,2
14090,325,1,76.32,2
14092,8,14,4076.91,1
14093,13,1,433.86,0
14096,5,17,65164.79,1
14098,37,1,147.35,2
14099,17,11,3104.17,1
14100,138,1,191.95,2
14101,74,6,5976.79,1
14102,6,5,1105.88,1
14104,155,2,216.21,2
14105,240,1,1266.23,2
14107,52,7,2703.23,0
14108,31,2,597.91,0
14109,73,1,144.2,2
14110,4,12,5683.15,1
14111,15,4,692.85,0
14112,23,7,2915.15,1
14113,4,4,1840.42,1
14114,274,2,386.53,2
14116,20,5,1382.74,0
14117,144,1,90,2
14121,4,4,2780.15,1
14124,85,1,419.58,2
14125,11,3,2720.63,0
14126,8,3,706.13,0
14127,123,3,709.71,0
14128,61,2,637.5,0
14129,2,5,1123.86,1
14130,320,1,480.91,2
14132,3,11,3586.03,1
14133,130,3,605.64,0
14135,2,15,4690.31,1
14138,2,2,965.88,0
14139,47,1,415.82,2
14140,4,2,935.05,0
14141,3,4,915.13,1
14142,374,1,311.81,2
14143,134,1,115.8,2
14145,47,4,3742.2,0
14146,9,5,4191,1
14147,79,2,483.4,2
14148,234,1,157.2,2
14149,221,1,446.62,2
14150,36,2,658.64,0
14152,76,2,621.29,0
14154,240,2,1345.62,0
14155,267,1,118.75,2
14157,20,2,424.89,0
14158,41,1,507.66,2
14159,20,11,4630.35,1
14161,216,3,1097.62,0
14162,174,2,289.36,2
14163,88,4,2445.91,0
14164,71,2,1631.77,0
14165,276,1,120.44,2
14167,40,4,562.59,0
14171,99,1,363.79,2
14173,11,4,450.84,0
14174,34,1,134.46,2
14175,60,3,3222.3,0
14176,298,4,576.9,0
14177,87,4,549.46,0
14178,9,7,1600.26,1
14179,41,2,701.57,0
14180,11,25,4748.52,1
14184,67,1,452.89,2
14185,332,1,197.65,2
14188,31,6,2054.36,0
14189,3,15,4654.08,1
14191,2,13,4684.76,1
14193,68,2,853.39,0
14194,5,21,11349.52,1
14195,202,2,1012,2
14196,107,1,335.52,2
14198,19,4,701.4,0
14199,219,1,185.4,2
14201,61,7,747.44,0
14204,3,1,150.61,0
14205,17,2,466.7,0
14206,240,1,328.16,2
14208,95,1,151.74,2
14209,11,6,2073.43,1
14210,106,6,1905.84,0
14211,54,9,2241.1,1
14212,90,1,1070.48,2
14214,31,5,1004.38,0
14215,12,6,1789.72,1
14216,4,4,1839.3,1
14217,2,17,2004.98,1
14218,43,1,169.48,2
14219,5,1,89.94,2
14220,248,2,632.4,2
14221,43,9,3432.8,1
14222,178,1,683.17,2
14223,93,3,991.13,0
14224,111,4,1009.73,0
14226,29,5,2214.79,0
14227,27,10,3350.96,1
14229,52,3,1547.2,0
14231,184,3,925.71,0
14232,43,5,2048.07,0
14233,50,4,1462.72,0
14234,23,4,754.12,0
14235,76,5,3144.86,0
14236,81,2,490.86,2
14237,374,1,161,2
14238,327,1,146.85,2
14239,44,11,2380.85,1
14240,31,2,890.34,0
14241,184,1,213.7,2
14242,235,2,280.55,2
14243,9,10,2588.77,1
14245,220,2,1693.45,0
14246,111,3,1474.06,0
14247,279,1,136.77,2
14248,319,1,302.58,2
14250,8,3,1904.05,0
14251,2,5,2879.7,1
14256,261,2,969.06,2
14257,65,5,3099.72,0
14258,10,9,12669.98,1
14259,142,1,120,2
14261,51,2,1163.45,0
14262,9,8,2618.23,1
14264,155,2,333.97,2
14267,163,3,1516.24,0
14270,332,1,492.65,2
14271,226,1,112.32,2
14272,74,2,437.96,2
14273,52,4,559.97,0
14276,99,3,1119.74,0
14280,197,1,134.04,2
14282,4,15,3701.44,1
14284,31,2,595.25,0
14285,22,4,1910.01,0
14286,24,3,4628.75,0
14287,9,3,176.63,0
14288,214,1,426.6,2
14289,9,6,911.26,0
14290,12,5,2314.65,1
14291,2,11,3883.25,1
14292,8,9,4871.93,1
14293,4,4,1046.56,1
14295,41,1,166.2,2
14297,18,4,1305.33,0
14298,9,44,51527.3,1
14299,9,9,3965.62,1
14300,19,1,43.2,2
14301,118,1,640.14,2
14304,223,1,383.45,2
14305,72,3,1858.96,0
14306,52,2,2093.32,0
14307,89,6,2995.72,0
14309,9,9,2352.53,1
14311,243,1,310.26,2
14312,47,6,1611.59,0
14314,107,1,120,2
14315,45,6,2481.13,0
14317,65,1,508.58,2
14320,207,2,477.79,2
14321,11,5,1530.75,1
14323,115,2,605.06,2
14326,243,1,183.85,2
14327,164,1,311.65,2
14329,18,7,4975.24,1
14331,125,2,462.66,2
14332,23,3,840.21,0
14333,68,1,415.2,2
14334,17,8,2552.21,1
14336,17,4,1614.91,0
14338,162,2,588.22,2
14339,243,1,309.52,2
14340,219,1,134.7,2
14341,46,8,2166.98,0
14342,22,4,668.56,0
14344,128,8,889.93,0
14345,39,1,108.98,2
14346,121,2,1021.58,0
14348,261,1,409.57,2
14349,11,1,133.5,2
14350,275,1,282.93,2
14351,165,1,51,2
14352,158,4,1078.96,0
14353,216,1,90.6,2
14354,6,2,163.62,0
14355,366,1,174.4,2
14356,80,2,701.23,0
14357,44,1,225.12,2
14359,20,3,912.18,0
14360,32,4,2118.03,0
14362,23,1,151.5,2
14364,109,8,3717.35,0
14367,9,16,9227.82,1
14368,320,1,155,2
14371,296,1,100.5,2
14373,359,1,76.55,2
14375,186,1,235.56,2
14377,192,2,617.05,2
14379,45,2,348.1,0
14381,53,1,202.68,2
14382,27,1,615.49,0
14383,39,3,1247.69,0
14385,10,3,202.11,0
14386,297,1,142.4,2
14387,33,3,1727.6,0
14388,11,8,3212.84,1
14389,66,2,1043.46,0
14390,11,9,4642.57,1
14393,219,1,67.95,2
14395,3,9,3479.91,1
14396,66,2,487.99,0
14397,3,19,2612.96,1
14400,150,1,574.7,2
14401,5,13,4051.48,1
14403,131,4,1475.81,0
14404,34,6,1449.32,0
14406,120,1,156.75,2
14407,108,6,2157.73,0
14408,11,7,2599.03,1
14409,72,6,2059.45,0
14410,93,9,1100.27,0
14411,311,1,1063,2
14412,43,2,770.03,0
14413,363,1,121.05,2
14414,92,7,1496.98,0
14415,2,13,5855.57,1
14416,23,2,490.22,0
14418,4,3,1937.25,1
14419,11,6,1051.79,0
14420,100,1,387.52,2
14421,58,2,813.11,0
14422,1,6,4263.64,1
14423,219,1,265.2,2
14424,18,1,322.08,2
14426,24,10,4481.67,1
14427,51,2,363.34,2
14428,8,5,1224.06,1
14431,303,1,470.36,2
14432,10,6,2248.5,1
14434,22,6,1372.8,0
14436,99,1,89.06,2
14437,366,1,63,2
14438,307,1,131.9,2
14440,9,5,2357.68,1
14441,1,4,1712.89,1
14443,54,4,1420.2,0
14446,1,4,1010.35,1
14447,19,5,1163.23,0
14448,10,2,375.35,0
14449,19,4,885.8,0
14450,181,3,483.25,2
14451,61,2,643.9,0
14452,11,2,259.05,0
14453,191,1,119.93,2
14456,6,9,3017.28,1
14457,311,1,113.64,2
14459,156,1,1837.92,2
14460,111,3,434.34,0
14461,149,3,2103.06,0
14462,67,11,1980.57,1
14463,99,3,529.62,0
14465,247,3,1038.44,0
14466,30,7,2272.4,1
14467,18,4,596.26,0
14470,12,2,461.19,0
14472,104,8,1852.67,0
14473,75,2,234.34,2
14474,47,1,547.66,2
14475,72,3,925.85,0
14476,258,1,193,2
14477,20,4,1309.6,0
14479,254,2,316.25,2
14480,12,1,279.05,2
14481,165,2,636.51,2
14482,19,6,2022.81,1
14483,282,1,137.1,2
14484,51,1,321.92,2
14485,39,1,162.8,2
14487,27,6,1165.48,0
14488,68,1,1064.28,2
14489,208,1,463.38,2
14491,176,2,340.93,2
14493,8,5,2383.24,1
14494,26,1,139.56,2
14495,51,2,123.8,2
14496,312,2,538.81,2
14497,310,1,475.37,2
14498,43,5,1957.32,0
14499,27,3,808.44,0
14500,89,3,356.85,0
14501,184,2,251.21,2
14502,20,11,2429.83,1
14503,4,6,3543.26,1
14504,48,4,673.26,0
14505,18,8,5859.43,1
14506,18,5,1960.65,0
14507,24,6,1367.88,0
14508,23,2,268.05,0
14511,12,5,1314.81,0
14512,188,2,275.28,2
14513,101,3,455.59,0
14514,62,3,990.2,0
14515,18,6,2076.89,1
14517,34,2,330.45,0
14518,65,1,174.37,2
14520,2,2,270.6,0
14522,25,4,974.54,0
14523,109,1,241.09,2
14524,32,9,1843.83,1
14525,20,9,4215.9,1
14527,3,55,8507.13,1
14528,38,1,364.22,2
14529,61,3,578.61,0
14530,26,6,2862.11,1
14532,237,4,932.85,0
14533,25,7,1949.72,1
14534,3,18,4397.3,1
14535,61,3,2854.84,0
14536,260,1,170.95,2
14537,58,1,355.56,2
14538,65,2,388.25,2
14539,16,2,537.48,0
14540,10,3,952.66,0
14541,59,8,1453.35,0
14542,186,1,103.25,2
14543,29,16,3599.73,1
14544,25,2,2004.3,0
14546,6,5,2573.93,1
14547,4,8,3974.75,1
14548,151,2,652.8,2
14549,312,1,289.24,2
14550,11,2,757.37,0
14551,19,2,186.23,0
14552,152,1,164.22,2
14553,20,5,859.27,0
14554,11,4,2279.49,1
14555,58,2,312.54,2
14557,86,1,788.38,2
14560,8,22,2237.77,1
14561,76,3,1080.76,0
14562,4,18,5006.77,1
14565,96,4,3099.12,0
14567,57,2,1530.36,0
14569,2,1,227.39,0
14570,281,2,218.06,2
14572,4,7,2804.54,1
14573,180,9,1639.82,0
14576,373,1,35.4,2
14577,13,4,859.71,0
14578,4,1,168.63,0
14581,17,1,138.6,2
14582,41,1,114.11,2
14583,6,5,986.96,1
14584,170,4,1033.06,0
14585,51,1,157.05,2
14586,277,1,237.36,2
14587,19,9,1580.29,1
14589,372,1,39.75,2
14591,16,4,1320.21,0
14592,36,3,557.94,0
14593,22,3,617.15,0
14594,8,2,363.33,0
14595,20,6,1740.6,0
14597,12,2,866.24,0
14598,45,1,221.97,2
14600,306,1,393.33,2
14601,11,1,213.96,2
14603,275,1,660,2
14606,2,93,12076.15,1
14607,16,14,16209.5,1
14608,5,4,1785.15,1
14609,73,4,601.56,0
14616,243,3,406.08,2
14618,10,3,553.44,0
14619,246,1,394.44,2
14620,206,2,412.78,2
14621,2,5,1788.36,1
14622,185,1,320.58,2
14623,33,5,886.7,0
14624,58,2,225.85,2
14625,197,2,899.63,2
14626,24,4,2791.27,0
14628,92,2,671.96,0
14629,5,2,955.26,0
14631,51,3,1006.98,0
14632,263,1,114.56,2
14633,267,1,344.9,2
14636,37,2,609.85,0
14638,51,1,443.6,2
14639,53,6,2984.49,0
14640,25,6,2107.38,0
14641,22,1,110.46,2
14642,59,1,96.12,2
14643,171,2,693.81,2
14644,68,2,830.76,0
14645,157,2,597.09,2
14647,202,1,236.04,2
14649,5,4,1402.59,1
14651,68,2,653.75,0
14652,78,1,114.18,2
14653,2,7,1926.65,1
14655,9,4,1932.23,1
14656,170,2,291.05,2
14657,18,4,848.22,0
14658,6,2,247.15,0
14659,9,9,2529.93,1
14660,87,2,285.74,2
14661,27,1,107.95,2
14662,29,4,741.37,0
14664,20,2,636.24,0
14665,61,5,1835.7,0
14666,25,1,195.25,2
14667,11,25,9175.04,1
14669,242,3,1259.24,0
14670,281,2,392.86,2
14672,235,2,765.55,2
14673,4,5,1736.4,1
14675,17,1,596.36,0
14676,32,6,2548.24,0
14680,26,16,28754.11,1
14681,72,3,498.95,0
14682,188,2,52,2
14684,26,5,1201.51,0
14687,107,1,628.38,2
14688,8,21,5579.1,1
14689,209,1,112.8,2
14690,45,2,355.05,0
14691,31,5,2114.33,0
14692,138,4,591.55,0
14693,265,1,172.9,2
14696,5,7,2078.95,1
14697,219,2,188.61,2
14698,2,5,1217.27,1
14699,215,1,109.13,2
14700,33,3,2195.1,0
14701,11,9,2526.09,1
14702,2,17,3251.79,1
14703,15,1,318.17,2
14704,12,9,1493.96,1
14705,199,1,179,2
14708,3,3,1126.37,1
14709,16,13,4921.04,1
14710,15,4,599.48,0
14711,11,11,2839.62,1
14712,30,3,917.07,0
14713,10,11,2662.2,1
14714,25,1,160.19,2
14715,25,4,867.38,0
14716,44,2,307.51,2
14719,2,5,1581.84,1
14720,6,3,663.81,0
14722,148,1,180.42,2
14723,11,6,1122.36,1
14725,25,1,655.58,0
14727,275,1,268.58,2
14729,374,1,313.49,2
14730,2,8,1897.57,1
14731,48,3,380.02,0
14732,9,8,2702.49,1
14733,17,12,9585.91,1
14735,4,32,6065.69,1
14737,4,3,1164.55,0
14738,43,7,1314.45,0
14739,5,7,3902.28,1
14740,198,3,1448.21,0
14741,12,6,1400.34,1
14744,17,7,1099.98,0
14745,113,5,1220.26,0
14747,250,1,328.2,2
14748,30,5,1415.75,0
14752,44,1,389.64,2
14753,88,1,563.15,2
14754,45,2,638.05,0
14755,10,11,5010.28,1
14756,16,1,738.96,0
14757,76,1,420.5,2
14758,145,4,1484.06,0
14759,5,3,1625.97,0
14760,298,1,89.2,2
14761,59,2,255.9,2
14762,264,1,300.52,2
14764,47,1,278.3,2
14765,30,3,254.11,0
14766,9,6,2473.37,1
14768,18,2,192.6,0
14769,3,8,10416.98,1
14770,233,2,876.42,2
14772,113,1,139.26,2
14775,59,3,1011.9,0
14776,52,11,2538.3,1
14778,128,2,730.86,2
14779,281,3,386.15,2
14780,55,2,447.68,0
14782,320,1,200.1,2
14784,27,2,289.99,0
14785,11,2,77.4,2
14788,8,2,679.44,0
14789,29,1,197.64,2
14790,17,4,745.06,0
14792,64,1,6.2,2
14793,22,1,228.99,2
14794,3,7,1319.91,1
14795,167,1,131.45,2
14796,2,17,7975.49,1
14798,53,3,173.74,2
14799,52,1,157.7,2
14800,48,12,4331.79,1
14801,62,1,189.34,2
14803,163,3,845.55,0
14804,9,1,353.27,0
14805,16,4,546.4,0
14806,76,1,193.39,2
14808,40,8,2718.6,1
14810,41,11,2085.33,1
14813,370,2,152.88,2
14815,37,2,778.5,0
14816,198,1,271.85,2
14817,201,2,1110.34,0
14818,74,3,657.8,0
14819,65,2,272.07,2
14820,22,4,507.29,0
14821,367,1,48.8,2
14823,181,3,321.43,2
14824,11,4,1127.71,0
14825,4,12,2221.01,1
14828,197,3,2139.76,0
14829,30,4,697.55,0
14830,54,1,188.88,2
14834,18,6,1720.3,1
14836,11,3,102.45,0
14837,90,4,1649.5,0
14840,268,1,62.85,2
14841,54,6,3295.76,0
14842,44,4,2824.69,0
14844,64,4,3189.81,0
14847,149,1,309.4,2
14849,22,25,7930.54,1
14850,312,1,325.75,2
14851,24,2,511.35,0
14852,59,6,2836.69,0
14853,25,2,475.8,0
14854,79,7,2740.03,0
14855,120,2,645.65,2
14856,37,3,1290.53,0
14857,60,2,1173.12,0
14859,13,4,1353.74,0
14860,20,1,170.32,2
14861,53,1,125.79,2
14862,26,2,841.2,0
14863,30,1,266.76,2
14865,8,2,52.2,2
14866,11,12,14389.9,1
14867,186,3,710.28,0
14868,4,8,2953.59,1
14869,9,2,721.45,0
14870,262,1,327.25,2
14871,4,4,501.28,0
14873,211,1,519.68,2
14875,108,2,1465.32,0
14878,13,9,1476.09,1
14880,78,3,690.59,0
14881,20,1,255.4,2
14882,27,2,589.7,0
14883,19,6,761.59,0
14885,132,1,765.32,2
14886,253,1,364.8,2
14887,80,1,1862,0
14888,208,1,369.2,2
14889,337,1,135.9,2
14890,254,1,125.65,2
14891,149,2,554.38,2
14893,10,2,1237.85,0
14894,86,1,655.75,2
14895,8,20,11138.71,1
14896,205,2,468.77,2
14897,8,4,1366.38,0
14898,24,6,1269.31,0
14901,12,9,1421.29,1
14902,26,1,332.66,2
14903,22,5,2795.33,1
14904,3,2,1025.44,0
14905,158,2,616.15,2
14907,4,7,3501.1,1
14908,75,1,277.8,2
14910,3,4,434.35,0
14913,36,4,1227.43,0
14915,92,2,307.48,2
14916,71,4,1268.98,0
14918,116,2,1610.15,0
14920,213,2,977.77,2
14921,31,2,1316.07,0
14923,51,1,749.1,2
14924,246,1,310.05,2
14929,33,1,223.88,2
14944,30,12,5900.25,1
14946,15,1,100.9,2
14947,73,2,290.82,2
14948,24,6,1101.97,0
14950,20,1,371.2,2
14951,80,1,311.69,2
14952,60,11,8099.49,1
14953,26,1,285.67,2
14954,13,1,294.85,2
14957,254,1,58.49,2
14958,148,3,483.73,0
14959,65,4,695.42,0
14960,9,2,221.27,0
14961,11,9,7044.68,1
14962,271,1,126.7,2
14963,10,5,1472.34,1
14964,248,1,206.21,2
14965,97,2,596.09,2
14966,15,1,183.02,2
14967,50,1,463.8,2
14968,31,1,147.59,2
14970,69,4,1592.06,0
14971,36,3,1097.98,0
14972,129,1,114.77,2
14973,108,3,1314.45,0
14974,38,1,89.94,2
14975,58,1,279.94,2
14976,58,7,790.86,0
14978,73,5,1921.37,0
14981,247,1,102.12,2
14984,20,2,202.37,0
14985,199,2,292.01,2
14987,16,2,326.4,0
14988,212,1,334.54,2
14995,39,2,231.98,2
14997,47,3,546.2,0
14998,171,2,414.87,2
15000,48,1,490.52,2
15002,116,4,1641.76,0
15004,148,1,1220.77,2
15005,16,28,6295.37,1
15006,52,1,480.38,2
15007,160,1,156.91,2
15009,13,3,1259.43,0
15010,36,1,308.94,2
15012,54,2,405.04,0
15014,44,2,257.67,2
15016,173,1,170.04,2
15017,34,1,125.58,2
15018,39,3,496.21,0
15019,267,1,252.81,2
15021,9,9,1871.77,1
15022,12,4,852.39,0
15023,4,11,6720.41,1
15024,10,10,1636.43,1
15025,34,1,361.96,2
15026,81,3,469,0
15027,31,4,1066.15,0
15028,9,4,627.13,0
15030,72,2,518.28,0
15031,5,4,653.19,0
15032,257,3,4959.1,0
15033,5,10,2557.18,1
15034,16,8,4274.16,1
15035,90,1,252.73,2
15036,73,3,429.56,0
15038,59,6,685.74,0
15039,10,47,19766.59,1
15041,171,1,179.93,2
15042,200,1,135.93,2
15043,32,1,537,2
15044,20,17,7634.73,1
15045,152,2,735.66,2
15046,10,15,5090.42,1
15047,270,1,343.62,2
15048,66,4,381,0
15049,274,1,121.17,2
15050,26,3,1737.69,0
15051,24,3,1383.36,0
15052,320,1,207.73,2
15053,5,3,693.95,0
15054,13,2,302.1,0
15057,276,2,1489.5,0
15058,26,11,2102.54,1
15059,41,9,1337.72,0
15060,9,4,294.25,0
15061,4,48,54534.14,1
15062,72,4,987.86,0
15063,214,1,370.8,2
15065,38,4,3158.13,0
15066,54,1,893.59,2
15067,79,3,1744.76,0
15068,47,2,553.36,0
15069,180,1,1109.53,2
15070,373,1,106.2,2
15071,94,2,982.07,0
15073,10,3,1043.41,0
15074,106,1,735.67,2
15075,78,1,773.03,2
15076,173,1,880.85,2
15078,8,32,9743.11,1
15079,213,4,895.61,0
15081,23,5,504.8,0
15083,257,1,88.2,2
15087,282,1,306.94,2
15088,22,2,1160.07,0
15089,11,6,2420.84,1
15090,309,1,381.32,2
15091,68,1,480.71,2
15092,216,2,457.81,2
15093,19,6,4597.02,1
15095,104,4,1370.6,0
15096,43,1,219.39,2
15097,5,1,248.08,0
15098,183,3,39916.5,1
15099,85,1,410.48,2
15100,334,3,876,0
15101,9,2,317.53,0
15103,32,2,703.36,0
15104,197,2,993.54,2
15105,19,7,2298.93,1
15106,18,5,1422.52,0
15107,312,6,319.5,0
15109,246,1,484.95,2
15110,24,4,996.1,0
15111,30,3,1567.48,0
15113,10,3,3509.43,1
15114,31,10,2760.56,1
15115,19,1,340.11,2
15116,18,4,1352.75,0
15117,15,5,1551.78,0
15118,135,1,244.8,2
15119,246,1,266.4,2
15120,134,1,358.82,2
15121,51,2,457.72,0
15122,115,3,1633.78,0
15123,8,2,2199.31,0
15124,23,2,184.19,2
15125,26,15,11528.48,1
15127,66,1,406.53,2
15128,61,4,1471,0
15129,51,11,3447.4,1
15130,170,1,330.11,2
15132,19,5,977.93,0
15133,128,3,982.42,0
15134,15,8,1387.99,1
15135,240,1,139.05,2
15136,3,4,1286.7,1
15139,240,2,178.96,2
15140,53,7,2354.25,0
15142,47,1,498.74,2
15143,226,1,259.45,2
15144,9,17,6580.44,1
15145,5,4,1194.73,1
15146,165,2,1327.16,0
15147,241,1,623.5,2
15148,11,1,301.29,2
15149,134,1,520.8,2
15150,18,10,5291.33,1
15152,10,13,4745.69,1
15153,32,1,329.25,2
15154,76,1,254.28,2
15156,2,3,961.49,1
15157,4,3,1936.07,1
15158,46,1,401.4,2
15159,2,30,18641.01,1
15160,358,1,158.16,2
15163,19,2,304.47,0
15164,69,3,824.58,0
15165,374,1,487.75,2
15167,321,1,158.8,2
15168,26,1,106.56,2
15171,332,1,1289.5,2
15172,9,5,1624.05,1
15174,323,1,135.75,2
15175,72,1,224.14,2
15178,261,1,40.5,2
15179,19,5,2206.95,0
15180,368,1,87.5,2
15181,67,3,689.48,0
15182,155,2,622.85,2
15184,30,2,402.2,0
15185,71,1,310.62,2
15186,15,2,411.41,0
15187,2,16,4777.18,1
15189,2,41,16225.39,1
15192,120,3,1044.32,0
15193,61,1,499.32,2
15194,4,15,7616.53,1
15195,3,1,3861,0
15197,11,3,1079.61,0
15198,93,2,193.64,2
15199,60,4,1268.7,0
15201,88,5,1236.54,0
15203,26,6,1827.8,0
15204,358,1,316.58,2
15205,86,2,653.24,0
15206,11,4,420.3,0
15208,2,5,870.12,1
15210,226,1,331.18,2
15211,61,2,894.41,0
15212,242,1,101.8,2
15213,319,2,328.35,2
15214,2,8,1661.44,1
15215,47,3,734.94,0
15216,88,1,96.6,2
15218,11,11,5756.89,1
15219,177,1,305.75,2
15220,52,6,1778.96,0
15221,367,1,403.25,2
15222,319,1,585,2
15223,226,2,755.75,2
15224,359,2,322.08,2
15225,235,1,409.4,2
15226,311,1,154.41,2
15227,37,5,1219.4,0
15228,67,4,3386.71,0
15230,240,2,429.6,2
15232,114,2,612.06,2
15234,277,1,197,2
15235,218,12,2247.51,0
15236,299,1,321.05,2
15237,2,4,1412.32,1
15238,30,3,1071.99,0
15239,11,2,780.59,0
15240,45,5,1706.57,0
15241,67,8,1756.44,0
15243,75,1,316.68,2
15244,66,2,631.57,0
15245,135,3,2515.84,0
15246,239,2,514.15,2
15247,123,1,356,2
15249,32,13,6688.46,1
15251,10,11,10484.99,1
15252,37,2,740.78,0
15253,17,5,918.2,0
15254,128,1,300.36,2
15255,67,1,890.85,2
15256,149,1,98.45,2
15257,284,1,317.15,2
15258,169,2,623.16,2
15260,101,7,1810.77,0
15261,136,1,254.82,2
15262,324,1,178.95,2
15263,107,1,156.51,2
15264,65,1,393.74,2
15265,152,2,1506.12,0
15266,339,1,119.3,2
15267,23,5,1717.36,0
15269,24,1,408.8,2
15270,16,7,2379.49,1
15271,8,15,2493.34,1
15272,58,2,721.94,0
15274,5,2,716.57,0
15275,38,1,615.14,2
15276,67,1,128.63,2
15277,47,1,255.9,2
15279,355,1,290.51,2
15280,173,1,113.12,2
15281,59,9,2332.15,1
15286,50,1,240.55,2
15287,23,2,486.69,0
15288,44,5,2306.52,0
15289,30,3,939.78,0
15290,5,18,7943.22,1
15291,26,15,4668.3,1
15292,202,1,178.39,2
15296,51,6,3672.86,0
15297,11,3,641.94,0
15298,3,12,4799.9,1
15299,68,7,4507.01,1
15300,65,1,496.44,2
15301,51,12,5049.95,1
15303,291,1,574.02,2
15304,61,8,694.4,0
15306,65,3,1174.35,0
15307,96,1,205.3,2
15308,275,1,310.47,2
15311,1,91,60632.75,1
15312,76,4,924.85,0
15313,111,1,52,2
15314,200,1,327.97,2
15315,65,2,570.5,0
15316,327,1,165,2
15318,4,1,312.62,0
15319,284,1,204.5,2
15320,45,1,267.13,2
15321,71,3,2748.31,0
15322,86,1,679.68,2
15325,104,1,161.74,2
15326,334,1,311.71,2
15327,53,1,208.75,2
15329,40,3,1049.7,0
15330,33,2,714.96,0
15333,209,1,1028.56,2
15334,157,3,350.82,2
15335,54,1,170.22,2
15339,67,2,574.07,0
15341,81,1,2020.52,0
15342,130,1,406.09,2
15343,88,1,364.5,2
15344,1,3,563.94,1
15345,46,1,393.54,2
15346,333,1,252.42,2
15347,367,1,201.6,2
15348,73,1,158.04,2
15349,159,2,463.91,2
15350,374,1,115.65,2
15351,13,7,1934.66,1
15353,255,2,770.12,2
15355,30,2,277.05,0
15356,32,10,2718.03,1
15358,5,22,8347.2,1
15360,40,1,427.93,2
15361,362,1,418.92,2
15363,373,1,326,2
15364,96,2,913.19,0
15365,26,7,2314.32,1
15366,76,2,602.51,0
15367,58,4,1877.59,0
15368,22,1,446.94,2
15370,41,7,2386.05,0
15372,138,1,2007.4,2
15373,9,12,2415.91,1
15374,129,1,168,2
15376,41,3,1221.56,0
15379,170,7,3703.29,0
15380,9,5,1690.26,1
15381,214,2,596.85,2
15382,15,6,5955.71,1
15384,170,2,642.41,2
15385,41,1,316.88,2
15386,187,1,394.14,2
15389,173,1,500,2
15392,5,4,1535.53,1
15393,17,2,231.86,0
15394,10,4,2183.54,1
15395,326,1,107.45,2
15396,113,1,288.18,2
15397,290,1,94,2
15398,17,2,1345.53,0
15399,2,3,815.77,1
15400,93,5,716.2,0
15402,149,2,626.77,2
15405,190,1,349.1,2
15406,32,2,510.71,0
15407,34,4,1046.74,0
15408,265,1,267.18,2
15410,85,8,3450.84,0
15411,27,4,1348.93,0
15412,172,1,190.53,2
15414,10,3,774.9,0
15415,314,1,559.61,2
15416,65,4,3984.32,0
15417,86,1,508.8,2
15419,25,1,135.86,2
15421,59,4,950.36,0
15422,324,2,97.7,2
15423,39,1,43.5,2
15424,255,2,383.34,2
15426,20,5,1404.07,0
15427,34,3,1430.54,0
15428,16,1,93.78,2
15429,27,2,397.35,0
15432,24,1,171.19,2
15433,214,2,533.3,2
15434,9,5,1041.48,0
15435,23,1,149.29,2
15436,13,3,1067.75,0
15437,263,1,200.16,2
15438,132,1,156.58,2
15440,55,3,383.68,0
15442,249,1,594,2
15443,2,7,3213.59,1
15444,10,2,1411.21,0
15445,265,1,113.5,2
15447,331,1,155.17,2
15448,313,1,494.64,2
15449,27,3,974.52,0
15450,31,1,429.84,2
15452,30,3,528.48,0
15453,2,7,1371.77,1
15454,363,1,179.1,2
15456,284,3,434.59,2
15457,263,1,237.07,2
15458,26,1,161.64,2
15460,355,1,214.26,2
15462,95,3,234.6,2
15463,30,1,126.14,2
15464,339,1,1044.65,2
15465,20,18,7354.62,1
15466,86,1,334.53,2
15467,10,3,524.88,0
15468,52,2,467.51,0
15469,51,2,538.55,0
15471,3,1,454.48,0
15472,114,1,371.56,2
15473,15,7,1771.2,1
15475,78,1,454.11,2
15478,41,2,1399.92,0
15482,16,12,10879.76,1
15483,162,4,225.26,2
15484,2,4,3590.41,1
15485,31,3,2564.5,0
15488,93,1,91.32,2
15489,23,3,1134.28,0
15491,96,6,3100.09,0
15492,29,2,659.46,0
15493,33,5,1953.41,0
15494,22,2,1280.58,0
15497,18,2,1262.2,0
15498,3,27,13316.4,1
15500,9,4,1131.56,0
15502,16,12,10384.93,1
15503,363,1,141.04,2
15504,82,1,52.83,2
15505,53,5,3610.96,0
15506,23,3,972.08,0
15507,172,1,475.86,2
15508,190,6,1000.27,0
15510,331,1,250,2
15511,12,5,900.53,0
15512,156,2,121,2
15513,34,19,14758.22,1
15514,13,11,4023.72,1
15516,45,3,62.43,2
15517,234,1,267.03,2
15518,65,8,1921.55,0
15520,2,1,343.5,0
15521,41,8,3000.2,1
15522,33,2,397.99,0
15523,85,1,412.01,2
15524,25,1,440,2
15525,3,3,734.37,0
15526,34,2,148.44,2
15527,19,8,2428.53,1
15528,255,1,229.33,2
15529,23,11,3962.6,1
15530,22,4,1497.31,0
15531,9,2,1972.39,0
15532,26,4,1564.73,0
15533,20,3,807.57,0
15535,174,4,502.9,0
15537,164,1,110.92,2
15539,8,1,538.46,0
15540,12,1,213.3,2
15541,115,1,85.13,2
15543,289,1,127.86,2
15544,10,9,3546.71,1
15545,55,2,288.97,2
15547,8,14,4910.6,1
15549,78,3,1681.46,0
15550,5,4,575.63,0
15551,37,1,436.06,2
15552,218,1,90.12,2
15553,61,1,428.93,2
15554,278,1,217.2,2
15555,13,16,4794.86,1
15556,25,1,279.77,2
15557,29,1,468.91,2
15561,12,4,800.59,0
15562,352,1,134.55,2
15563,23,4,1400.44,0
15565,51,2,173.16,2
15567,19,1,186.01,2
15568,3,3,758.29,0
15569,104,5,1375.71,0
15570,8,12,4148.82,1
15571,12,4,650.43,0
15572,5,7,2533.42,1
15573,32,2,591.19,0
15574,178,4,675.64,0
15576,38,1,921.37,0
15577,152,3,258.88,2
15578,163,1,127.1,2
15579,69,2,327.6,2
15581,121,13,3675.77,1
15582,25,3,682.91,0
15584,24,4,720.86,0
15585,177,1,455.3,2
15587,51,4,913.68,0
15589,256,3,478.53,2
15592,47,1,388.58,2
15593,71,1,199.8,2
15594,16,5,1771.78,0
15596,101,5,1406.59,0
15597,36,1,324.57,2
15598,54,1,240.68,2
15599,27,2,761.74,0
15601,12,14,6776.56,1
15602,9,9,1297.87,1
15603,79,1,48.48,2
15604,53,1,216.39,2
15605,37,5,1198.23,0
15606,62,9,2920.16,1
15607,337,1,104.76,2
15608,29,4,1093.68,0
15609,185,1,298.48,2
15610,52,1,112.46,2
15611,10,13,1591.45,1
15612,37,2,195.15,2
15615,11,23,10399.74,1
15618,33,4,776.851,0
15619,11,1,336.4,0
15620,57,3,1553.18,0
15621,5,4,1293.03,1
15622,44,9,3709.56,1
15623,142,1,301.03,2
15624,117,4,588.13,0
15625,104,4,1534.26,0
15626,75,2,675.8,0
15628,5,9,2870.24,1
15630,46,2,1186.35,0
15632,16,8,3285.31,1
15634,18,1,243.55,2
15636,90,2,724.76,0
15637,53,1,223.36,2
15639,135,1,425.32,2
15640,5,15,12416.11,1
15641,106,4,1887.2,0
15643,192,3,664,0
15644,167,4,803.54,0
15645,19,1,612.01,0
15646,158,3,447.64,2
15648,205,2,639.5,2
15649,337,2,816,2
15651,37,3,646.3,0
15652,92,1,337.74,2
15653,93,2,877.44,0
15654,10,2,922.53,0
15655,244,1,560.67,2
15656,46,4,748.5,0
15657,23,1,30,2
15658,191,5,1024.1,0
15659,44,1,306.45,2
15660,26,9,1600.86,1
15661,318,2,309.8,2
15663,107,1,138.14,2
15664,51,1,386.43,2
15665,169,2,2222.21,0
15667,40,1,301.32,2
15668,218,1,76.32,2
15669,41,4,684.34,0
15670,297,1,173.05,2
15671,19,7,2657.13,1
15673,89,4,2726.23,0
15674,74,5,2446.6,0
15675,82,3,323.69,0
15676,19,3,3435.76,0
15677,50,1,657.23,2
15678,53,1,352.7,2
15679,25,4,781.28,0
15680,10,3,1333.68,0
15681,26,5,1426.16,0
15683,118,1,193.75,2
15687,9,9,2993.1,1
15689,120,2,254.1,2
15690,5,2,239.76,0
15691,253,1,136.8,2
15692,29,1,191.04,2
15694,1,14,6479.4,1
15695,267,2,409.98,2
15696,34,8,2711.11,1
15699,18,1,309.65,2
15700,173,2,696.68,2
15701,3,4,1529,1
15703,265,1,211.5,2
15704,141,4,2293.62,0
15705,202,1,143.1,2
15706,64,4,1060.56,0
15707,36,4,916.98,0
15708,41,7,3235.25,1
15709,284,1,133.25,2
15712,10,5,1072.36,0
15713,144,2,356.7,2
15714,12,2,330.03,0
15716,146,4,1101.11,0
15717,235,1,150.3,2
15719,33,13,5030.07,1
15720,25,1,598.73,0
15721,12,1,471.4,0
15722,36,5,2211.21,0
15723,365,1,190.7,2
15724,202,2,218.25,2
15725,16,1,415.25,0
15727,17,7,5159.06,1
15729,213,1,85,2
15730,66,3,1120.88,0
15732,213,2,294.12,2
15733,283,1,162.3,2
15734,115,2,1339.45,0
15737,15,8,1188.12,1
15738,19,16,4812.42,1
15739,67,1,449.12,2
15740,50,1,154.88,2
15743,17,4,775.96,0
15744,78,1,34.8,2
15745,20,4,1094.59,0
15746,135,1,196.88,2
15747,13,3,946.64,0
15748,41,1,144.36,2
15749,236,3,44534.3,1
15750,3,8,2463.05,1
15752,40,7,2626.6,1
15753,305,1,79.2,2
15754,52,3,458.57,0
15755,11,6,2364.25,1
15756,62,4,528.01,0
15757,66,2,714.42,0
15758,25,1,205.25,2
15759,219,3,253.04,2
15762,66,2,583.75,0
15763,32,2,1086.92,0
15764,89,6,3279.97,0
15766,65,1,315.06,2
15768,116,3,621.83,0
15769,8,26,56252.72,1
15773,6,1,635.68,0
15774,69,1,270.8,2
15775,246,1,104.9,2
15776,134,1,241.62,2
15777,242,4,1047.11,0
15780,184,3,475.28,2
15781,26,3,345.46,0
15782,10,3,2614.74,0
15783,11,1,246.3,2
15785,33,5,2328.97,0
15786,47,3,4919,0
15787,27,3,933.26,0
15789,359,1,351.3,2
15790,11,1,218.75,2
15791,44,2,1612.69,0
15793,15,3,965.61,0
15795,150,1,610.01,2
15796,2,8,2708.61,1
15797,114,4,2207.4,0
15799,76,3,884.14,0
15800,108,2,696.89,0
15801,47,3,1063.95,0
15802,143,1,451.42,2
15803,52,1,415.82,2
15804,1,13,4206.39,1
15805,24,17,5488.18,1
15806,47,3,784.58,0
15807,51,3,903.9,0
15808,307,4,3651.27,0
15809,37,5,515.77,0
15810,79,4,1391.98,0
15811,23,6,2218.62,1
15812,108,5,1801.14,0
15813,208,2,1303.91,0
15814,17,4,1945.33,0
15815,64,5,2100.6,0
15819,50,4,1905.45,0
15820,320,1,206.98,2
15821,45,2,570.96,0
15822,4,2,885.47,0
15823,373,1,15,2
15825,173,1,532.94,2
15826,57,3,1654.31,0
15827,74,14,1836.09,1
15829,100,2,636.14,0
15830,38,1,576,2
15831,59,3,794.64,0
15832,255,1,836.79,2
15834,71,4,2225.15,0
15835,45,4,954.09,0
15836,51,1,137.37,2
15837,65,1,391.98,2
15838,12,19,33643.08,1
15839,34,3,1048.49,0
15840,59,2,355.56,2
15841,73,4,1224.06,0
15843,304,1,118.95,2
15844,47,1,130.74,2
15845,18,8,3711.77,1
15847,39,2,389.27,0
15850,20,2,234.88,0
15852,187,2,160.71,2
15853,52,1,110.8,2
15854,5,12,2969.12,1
15855,137,5,712.24,0
15856,5,27,16143.64,1
15857,19,1,297,2
15858,16,5,1427.57,0
15860,41,8,965.16,0
15861,13,8,3146.92,1
15862,9,4,832.88,0
15863,26,2,68.84,2
15864,23,6,1936.32,0
15865,41,3,895.13,0
15866,102,1,211.89,2
15867,6,15,3810.14,1
15869,278,2,149.64,2
15870,33,1,351.44,2
15872,15,2,316.25,0
15874,64,7,4405.88,1
15877,2,2,490.33,0
15880,370,1,329.03,2
15881,313,5,501.39,0
15882,199,4,516.36,0
15883,3,2,396.48,0
15885,93,3,379.35,0
15886,61,1,181.09,2
15888,81,1,168.31,2
15889,157,2,420.07,2
15891,227,1,511.68,2
15894,254,2,258.25,2
15895,150,1,179.17,2
15897,195,2,208.59,2
15898,2,5,1383.83,1
15899,369,1,56.25,2
15900,24,1,337.28,2
15901,17,3,351.73,0
15903,10,7,5126.76,1
15904,9,1,164.68,2
15906,20,7,1567.69,1
15907,4,3,882.72,0
15909,174,1,191.94,2
15910,1,8,1228.88,1
15912,179,2,264.62,2
15916,17,8,1502.86,1
15917,248,1,123.1,2
15918,191,2,334.23,2
15919,20,2,525.69,0
15920,155,4,167.5,2
15921,173,1,323.03,2
15922,374,1,369.5,2
15923,373,1,127.08,2
15925,195,1,207.15,2
15930,68,1,426.63,2
15932,5,8,2495.87,1
15933,22,3,1107.46,0
15935,240,2,416.86,2
15937,65,1,145.35,2
15938,113,5,404.58,0
15939,90,15,6115.01,1
15940,312,1,35.8,2
15942,134,1,337.44,2
15944,277,1,325.1,2
15945,366,1,181,2
15947,83,1,1708.24,0
15948,9,2,955.24,0
15949,17,2,364.72,0
15950,32,4,1744.71,0
15951,9,2,708.22,0
15952,34,4,781.91,0
15953,16,8,1657.28,1
15955,25,14,4416.26,1
15957,32,1,428.89,2
15958,75,1,104.35,2
15963,20,2,470.76,0
15965,18,4,808.87,0
15967,24,2,397.68,0
15969,3,3,666.1,0
15970,304,1,314.1,2
15971,18,12,4199.85,1
15973,367,1,307.82,2
15974,40,7,3442.15,1
15975,85,1,371.01,2
15976,166,2,427.64,2
15977,18,2,1054.73,0
15978,78,1,1098.78,2
15980,89,3,2398.86,0
15981,25,8,3408.48,1
15983,23,4,1465.12,0
15984,3,10,2780.63,1
15985,124,2,1142.42,0
15986,31,1,168.12,2
15987,13,7,1432.77,1
15988,20,1,156.78,2
15990,45,2,792.11,0
15992,4,1,41.99,2
15993,9,7,2777.67,1
15994,55,1,414.27,2
15996,89,6,1032.58,0
15998,37,5,3080.22,0
16000,3,3,12393.7,1
16003,30,5,2735.37,0
16005,13,4,578.71,0
16006,212,1,101.4,2
16007,48,4,1693.81,0
16008,24,3,478.78,0
16009,23,4,972.11,0
16010,246,3,392.4,2
16011,9,16,3352.96,1
16012,36,3,1415.29,0
16013,4,47,37130.6,1
16014,38,3,646.83,0
16015,4,3,704.55,0
16016,4,8,1465.51,1
16017,48,1,211.88,2
16018,40,2,408.9,0
16019,47,9,3786.24,1
16020,17,3,851.01,0
16022,261,1,602.63,2
16023,47,3,719.81,0
16024,13,1,251.03,2
16025,30,1,439.66,2
16026,44,1,236.09,2
16027,92,6,934.62,0
16029,39,63,80850.84,1
16030,310,1,331.24,2
16031,93,2,547.9,2
16033,6,20,8778.82,1
16034,197,3,437.7,2
16036,88,2,758.92,0
16037,270,3,855.02,0
16038,8,3,471.78,0
16040,66,3,1313.55,0
16041,31,3,3166.4,0
16042,23,5,1177.47,0
16043,38,4,773.99,0
16045,120,4,1340.7,0
16048,374,2,256.44,2
16049,41,3,1074.81,0
16050,174,1,137.9,2
16052,55,1,362.06,2
16053,33,2,1511.95,0
16054,146,1,783.9,2
16055,221,1,134.8,2
16056,46,1,650.75,2
16057,17,7,2263.12,1
16059,66,6,1453.16,0
16062,10,4,1153.62,0
16063,261,1,335.32,2
16065,366,1,367.14,2
16066,17,5,1521.04,0
16070,23,2,852.15,0
16071,45,1,326.24,2
16072,289,1,584.32,2
16073,298,1,122.4,2
16076,4,10,2234.73,1
16078,284,1,79.2,2
16079,17,3,1352,0
16080,82,2,217.16,2
16081,57,5,2799.42,0
16083,101,2,1317.62,0
16084,300,1,436.18,2
16085,24,5,981.51,0
16086,60,5,1121.39,0
16091,155,2,315.06,2
16092,115,3,817.86,0
16093,107,1,17,2
16094,12,4,1078.23,0
16096,265,1,320.62,2
16097,241,1,185.05,2
16098,88,7,2005.63,0
16099,51,3,731.9,0
16101,71,1,1290.7,0
16102,43,3,1842.14,0
16103,8,6,1429.64,1
16104,62,1,298.21,2
16105,249,1,336.96,2
16106,66,1,108.38,2
16107,18,7,3204.16,1
16108,85,1,842.5,2
16109,219,2,611.88,2
16110,46,3,1320.95,0
16112,144,4,195.74,2
16113,184,1,161.38,2
16114,171,1,135.75,2
16115,10,8,1660.88,1
16116,212,1,612.78,2
16117,190,1,232.21,2
16119,9,2,423.36,0
16120,60,4,1309.14,0
16121,58,2,854.66,0
16122,74,4,684.42,0
16123,52,1,307.78,2
16124,318,1,249,2
16125,368,1,289.35,2
16126,30,4,6287.77,1
16127,40,1,656.25,2
16128,18,5,1880.22,0
16131,52,6,3506.54,0
16133,4,33,14589.04,1
16134,22,2,618.09,0
16135,263,1,517.55,2
16136,60,3,709.38,0
16139,19,3,635.41,0
16140,66,2,725.18,0
16141,89,1,620.4,2
16142,250,1,535.34,2
16143,4,6,2424.94,1
16144,247,1,175.2,2
16145,9,11,3799.49,1
16146,158,3,734.13,0
16147,134,1,375,2
16148,297,1,76.32,2
16149,5,2,280.52,0
16150,43,5,2053.02,0
16152,269,1,1829.04,2
16153,50,5,1824.23,0
16156,9,9,3092.04,1
16157,16,3,656.69,0
16159,282,1,348.2,2
16160,66,2,1025.44,0
16161,2,19,5533.67,1
16162,253,1,37.4,2
16163,233,2,856.6,2
16164,18,3,822.48,0
16168,11,27,3787.6,1
16169,9,4,1822.97,1
16170,51,6,1885.05,0
16171,60,1,73.2,2
16172,96,5,1140.21,0
16173,16,6,1418.32,0
16174,127,3,1009.55,0
16175,95,4,1037.59,0
16177,51,1,331.95,2
16178,139,1,197.9,2
16179,61,1,215.83,2
16180,101,8,10254.18,1
16181,74,1,305.54,2
16182,73,4,6617.65,0
16183,68,1,338.71,2
16184,65,6,1158.79,0
16185,17,2,529.41,0
16186,23,12,4006.94,1
16187,32,15,6911.44,1
16188,45,4,981.86,0
16189,16,2,215.48,0
16190,41,1,215.08,2
16191,3,13,5180.52,1
16193,237,1,314.45,2
16198,76,1,400.681,2
16200,5,2,1068.87,0
16201,4,4,1863.47,1
16202,361,1,365.27,2
16203,59,4,592.9,0
16204,24,1,384.18,2
16205,31,4,757.63,0
16206,55,4,537.06,0
16207,26,1,394.38,2
16208,45,2,664.26,0
16209,89,5,2262.62,0
16210,2,18,21086.3,1
16211,89,1,547.02,2
16212,20,2,690.34,0
16213,79,1,159,2
16214,171,3,1062.75,0
16215,81,1,242.35,2
16216,268,1,914.93,2
16217,236,2,304.25,2
16218,30,7,3084.68,1
16221,37,3,860.86,0
16222,319,1,773.55,2
16224,58,4,1295.3,0
16225,45,5,1096.32,0
16226,204,3,255.12,2
16227,226,1,314.22,2
16229,88,2,1010.6,0
16230,190,2,542.03,2
16232,44,4,990.88,0
16233,72,3,536.68,0
16235,41,5,867.31,0
16236,79,1,432.2,2
16239,57,2,414.2,0
16240,25,2,3718.8,0
16241,10,13,2590.31,1
16242,9,7,3579.86,1
16243,34,2,409.1,0
16244,212,2,1522.75,0
16245,24,3,1413.66,0
16247,171,1,114.56,2
16248,62,1,152.94,2
16249,53,5,1800.07,0
16250,262,2,389.44,2
16253,67,2,3683.86,0
16255,17,8,2619.91,1
16256,267,1,752.43,2
16257,177,1,46.95,2
16258,46,5,5203.51,1
16260,51,1,1035.45,0
16261,18,4,728.54,0
16265,10,9,5447,1
16266,74,7,861.89,0
16268,72,2,667.65,0
16270,354,1,1141.24,2
16271,3,5,1404.64,1
16272,117,1,411.7,2
16274,374,1,351.75,2
16275,197,1,559.87,2
16276,177,1,810.6,2
16278,101,1,566.38,2
16279,22,3,1502.78,0
16281,73,1,2062.06,0
16282,340,1,168.3,2
16283,6,5,1570.81,1
16284,32,2,812.68,0
16287,170,1,142.5,2
16292,122,1,302.25,2
16293,22,10,2248.99,1
16295,10,4,1328.55,0
16297,269,1,301.9,2
16298,23,3,598.2,0
16302,127,1,233.22,2
16303,26,3,5360.63,0
16305,139,1,361.22,2
16306,214,6,632.27,0
16308,38,4,2560,0
16309,107,2,706.57,0
16311,18,2,616.26,0
16313,4,2,274.15,0
16315,331,1,226.37,2
16316,65,8,2938.91,0
16317,120,3,1341.65,0
16318,36,1,328.15,2
16319,218,1,404.4,2
16322,2,2,326.75,0
16323,197,1,207.5,2
16324,129,3,408.59,2
16325,47,3,594.24,0
16326,6,14,3039.22,1
16327,15,6,3820.27,1
16330,18,3,251.91,0
16332,29,7,1582.8,0
16333,8,22,26626.8,1
16337,37,1,151.05,2
16338,158,1,214.8,2
16339,285,1,94.05,2
16340,108,1,534.31,2
16341,25,4,1971.87,0
16342,76,4,322.41,0
16343,17,2,328.58,0
16344,159,1,101.1,2
16345,45,1,565.46,2
16347,12,2,847.45,0
16348,33,7,1415.65,0
16349,291,1,53.5,2
16350,22,4,1116.47,0
16351,333,1,153.9,2
16352,18,2,494.44,0
16353,4,23,6675.71,1
16354,64,2,395.8,2
16356,198,3,211.77,2
16357,34,3,658.88,0
16358,2,4,2027.5,1
16359,8,9,1750.92,1
16360,5,6,3450.41,1
16361,10,4,891.21,0
16362,33,5,709.99,0
16363,54,1,109.36,2
16364,12,2,705.79,0
16365,18,9,1540.42,1
16366,19,1,327.3,2
16367,38,2,800.67,0
16368,3,2,479.91,0
16369,19,3,1545.41,0
16370,83,4,1301.91,0
16372,34,2,355.73,0
16374,67,2,466.73,0
16376,9,2,974.96,0
16377,268,1,676.2,2
16378,248,3,362.95,2
16379,5,4,2157.4,1
16380,62,1,1743.15,0
16383,75,2,643.76,0
16384,90,2,584.5,0
16385,61,3,554.86,0
16386,29,2,302.57,0
16387,323,1,94.36,2
16389,54,4,1382.07,0
16392,270,1,217.89,2
16393,3,13,3040.96,1
16394,57,5,1555.34,0
16395,61,5,1482.06,0
16398,155,2,1705.8,0
16399,20,2,408.02,0
16400,95,1,303.93,2
16401,2,12,4098.32,1
16402,265,2,293.45,2
16403,313,1,177.5,2
16404,71,1,443.05,2
16405,303,2,167.25,2
16406,19,1,154.35,2
16407,13,10,2079.68,1
16409,37,5,2022.98,0
16411,20,2,211.7,0
16412,54,1,135.99,2
16413,57,1,262.2,2
16414,22,2,126.25,2
16415,45,1,200.27,2
16416,27,3,1051.4,0
16418,45,3,631.12,0
16419,113,6,958.71,0
16422,18,51,34684.4,1
16423,25,1,346.12,2
16424,192,1,133.56,2
16425,303,1,302.7,2
16426,3,10,1863.76,1
16427,264,2,241.06,2
16429,107,1,284.55,2
16430,58,1,300.85,2
16431,214,3,623.28,2
16432,65,1,287.4,2
16433,29,1,184.26,2
16434,30,7,1511.8,0
16438,6,5,798.35,0
16440,8,5,3640.67,1
16441,68,2,381.2,2
16442,2,3,609.3,0
16444,47,4,654.67,0
16445,34,1,230.51,2
16446,1,2,168472.5,1
16447,136,1,255.91,2
16448,199,1,182.99,2
16449,198,2,707.69,2
16450,150,1,311.92,2
16451,88,1,266.97,2
16454,45,2,6.9,2
16455,64,7,1841.18,0
16456,100,5,2158.18,0
16457,219,1,208.36,2
16458,3,18,3482.74,1
16460,29,3,811.23,0
16461,178,1,142.92,2
16462,74,3,136,2
16463,22,4,1422.4,0
16464,20,3,1298.66,0
16466,34,7,1595.96,0
16468,75,1,74.9,2
16469,24,4,625.42,0
16470,52,4,752.77,0
16471,275,1,223.95,2
16473,165,3,316.11,2
16474,8,7,1810.65,1
16475,89,4,544.3,0
16477,64,7,2494.46,0
16478,26,3,331,0
16479,11,2,300.83,0
16480,76,1,769.29,2
16482,16,1,220.62,2
16483,193,1,139.35,2
16484,174,2,404.3,2
16485,78,1,363.65,2
16488,34,3,498.8,0
16491,47,1,731.5,2
16493,80,4,1351.63,0
16494,297,1,826.53,2
16495,4,3,648.26,0
16496,9,3,1599.52,0
16497,50,6,2965.69,0
16498,162,2,100.97,2
16499,361,2,365.45,2
16500,5,6,400.86,0
16503,107,4,1431.93,0
16504,26,1,465.88,2
16505,32,1,777.6,0
16506,20,2,90.3,2
16509,297,1,363.7,2
16510,373,1,248.1,2
16511,22,3,918.33,0
16513,5,4,874.59,0
16515,53,5,1624.14,0
16516,31,1,101.7,2
16517,278,1,162.7,2
16518,62,2,484.32,0
16519,26,2,215.08,2
16520,187,3,1046.57,0
16523,2,21,9418.47,1
16525,3,26,13027.45,1
16526,172,1,290.36,2
16527,82,1,228.06,2
16528,4,1,244.41,0
16529,191,1,455.25,2
16531,23,7,1244.59,0
16532,18,3,6748.8,1
16533,20,3,1082.81,0
16535,6,1,593.75,0
16536,111,1,548.12,2
16539,3,4,1388.81,1
16542,54,1,119.62,2
16545,165,1,339.3,2
16546,291,2,787.15,2
16549,11,10,4034.9,1
16550,109,5,2298.97,0
16551,96,3,922.12,0
16552,243,2,379.73,2
16553,164,12,5719.82,1
16554,43,3,837.1,0
16555,36,2,285.89,2
16556,67,7,3313.79,0
16557,25,2,281.85,0
16558,1,20,8338.49,1
16560,27,2,841.41,0
16561,6,2,511.12,0
16563,54,1,1077.74,0
16565,365,1,173.7,2
16566,16,5,614.66,0
16567,195,2,865.6,2
16569,4,1,124.2,2
16570,16,10,3738.4,1
16571,27,3,1421.69,0
16572,128,3,1009.6,0
16573,85,2,663.61,0
16574,72,1,451.44,2
16581,183,1,105.84,2
16582,114,1,313.62,2
16583,374,1,233.45,2
16584,81,2,936.08,0
16586,249,1,463.95,2
16587,233,1,225.15,2
16589,72,3,459.24,0
16591,69,1,213.5,2
16592,5,16,4113.68,1
16593,51,3,330.03,0
16594,76,1,181.09,2
16595,62,1,360.16,2
16596,16,2,250.15,0
16597,5,1,90.04,2
16598,286,1,145.05,2
16600,5,6,813.52,1
16601,41,1,242.7,2
16602,37,1,528.08,2
16603,75,2,482.47,2
16607,18,14,3347.71,1
16609,16,7,5493.46,1
16610,220,1,75.66,2
16611,187,1,129.49,2
16612,33,4,1187.66,0
16613,71,1,618.59,2
16614,183,1,506.19,2
16616,16,2,500.42,0
16617,236,1,151.85,2
16618,32,5,2647.59,0
16619,264,1,226.21,2
16620,4,2,178.96,0
16621,52,4,813.48,0
16623,246,1,129.45,2
16624,81,2,810.57,0
16625,275,1,333.08,2
16626,1,17,4413.1,1
16627,80,1,322.8,2
16628,30,5,2188.05,0
16629,74,2,408.63,2
16633,18,6,2883.1,1
16634,223,2,217.9,2
16637,33,4,1154.47,0
16638,23,10,1680.72,1
16639,32,3,1257.51,0
16641,106,1,231.1,2
16642,5,2,688.33,0
16643,246,1,487.51,2
16644,178,2,833.78,2
16647,170,2,214.06,2
16648,43,1,290.66,2
16650,72,1,518.42,2
16652,59,7,6773.97,1
16653,17,2,1212.66,0
16654,142,4,601.27,0
16655,18,6,3789.52,1
16656,23,15,8625.8,1
16657,10,4,874.43,0
16658,369,1,123.24,2
16659,190,1,39.12,2
16660,17,4,1267.65,0
16665,363,1,135.4,2
16666,20,1,118.98,2
16667,69,2,567.18,0
16668,16,6,306.72,0
16669,24,3,1348.88,0
16670,17,11,4095.9,1
16671,29,3,1692.27,0
16672,3,20,8134.94,1
16674,55,2,304.24,2
16676,34,4,1592.12,0
16678,3,12,3109.99,1
16679,367,1,129.75,2
16680,44,1,183.7,2
16681,73,6,1770.34,0
16682,5,5,1028,1
16684,5,28,66653.56,1
16685,62,2,324.24,2
16686,48,7,2959.88,1
16688,2,4,1260.86,1
16689,76,2,422.6,2
16690,73,2,225.58,2
16692,257,2,1276,0
16693,69,2,477.86,0
16696,136,4,657.9,0
16697,242,1,112.75,2
16698,227,2,1998,0
16700,9,13,5076.55,1
16701,9,13,5398.3,1
16705,1,20,14034.99,1
16706,38,3,531.35,0
16708,46,1,656.63,2
16709,85,5,3029.87,0
16710,20,10,2467.99,1
16711,4,5,1651.03,1
16712,10,11,3611.31,1
16713,19,15,6910.78,1
16714,219,3,1129.06,0
16715,79,1,301.72,2
16716,267,2,901.2,2
16717,24,6,3843.08,1
16718,370,1,606.05,2
16719,15,7,1770.22,1
16720,27,1,152.95,2
16721,263,1,292.47,2
16722,18,13,4730.81,1
16723,92,2,576.4,2
16725,303,7,758.27,0
16726,27,5,1358.74,0
16727,365,1,256.32,2
16728,47,4,1048.28,0
16729,39,21,7205.33,1
16730,53,3,743.11,0
16732,32,1,603.75,2
16734,53,3,646.76,0
16735,79,5,2247.41,0
16737,54,1,417.6,2
16738,298,1,3.75,2
16739,177,1,323,2
16742,47,1,464.9,2
16743,30,7,2213.13,1
16744,12,7,1291.91,1
16745,87,17,7180.7,1
16746,5,18,6680.11,1
16747,38,2,836.06,0
16748,18,5,1515.9,0
16750,45,5,623.93,0
16751,31,1,1764.72,0
16752,373,1,207.5,2
16753,59,1,223.92,2
16754,373,1,2002.4,2
16755,115,3,1475.43,0
16756,215,1,239.4,2
16757,319,1,106.83,2
16758,66,1,369.34,2
16759,8,3,789.79,0
16761,97,1,316.62,2
16762,20,3,1207.24,0
16763,199,1,611.85,2
16764,4,13,2790.95,1
16765,295,1,34,2
16766,274,2,1145.6,2
16767,31,11,5575.56,1
16768,48,3,478.09,0
16769,261,1,361.54,2
16770,58,5,757.1,0
16771,34,5,2242.61,0
16773,58,1,171.59,2
16774,68,4,661.52,0
16775,11,11,1691.51,1
16776,61,1,371.54,2
16777,81,2,222.62,2
16778,75,2,245.94,2
16779,3,22,10611.72,1
16780,101,2,422.24,2
16781,373,1,311.25,2
16782,11,13,2267.95,1
16784,20,1,107.6,2
16788,124,2,594.39,2
16789,9,1,80.8,2
16790,4,6,1545.62,1
16791,30,7,1705.78,0
16792,283,2,110.38,2
16793,58,1,243.84,2
16794,2,10,1196.5,1
16795,366,1,414.88,2
16796,90,1,305.62,2
16800,12,1,1162.65,0
16801,164,4,1594.23,0
16803,66,1,332.3,2
16804,24,3,536.99,0
16805,174,2,460.59,2
16806,104,4,762.16,0
16807,143,3,1121.59,0
16808,100,2,288.42,2
16809,24,5,914.69,0
16810,193,1,309.54,2
16811,5,2,547.07,0
16812,361,1,479.35,2
16813,9,10,1652.18,1
16814,15,21,6416.7,1
16816,104,4,417.06,0
16817,3,9,1604.75,1
16818,11,11,3349.57,1
16820,96,1,497.61,2
16823,228,1,358.38,2
16824,16,2,460.64,0
16825,39,2,775.18,0
16826,52,1,341.7,2
16828,94,2,128.5,2
16829,157,1,197.22,2
16830,39,1,325.91,2
16832,185,3,199.15,2
16833,2,4,1106.53,1
16834,228,1,413.46,2
16835,129,2,180.85,2
16836,40,2,251.87,2
16837,32,11,3170.98,1
16838,198,2,588.85,2
16839,9,34,16594.35,1
16841,37,6,1869.82,0
16842,101,3,1264.19,0
16843,43,16,10196.57,1
16846,51,1,214.32,2
16847,44,1,193.44,2
16848,53,1,281.42,2
16849,187,1,124.57,2
16850,334,1,332.41,2
16851,5,3,342.45,0
16852,11,2,144.91,0
16855,24,2,328.4,0
16856,15,1,35.4,2
16858,369,1,375.69,2
16859,145,2,747.81,2
16861,60,2,173.76,2
16863,32,2,502.8,0
16866,141,3,207.74,2
16869,23,4,817.12,0
16871,23,6,2812.34,1
16872,78,3,680.02,0
16873,5,6,7123.62,1
16875,68,5,2095.53,0
16877,13,6,846.62,0
16878,85,1,13.3,2
16880,31,7,1491.43,0
16881,67,1,432,2
16882,67,3,705.12,0
16883,188,2,272.48,2
16884,38,2,429.84,0
16885,16,3,450.41,0
16887,36,1,192.33,2
16889,195,3,1578.67,0
16891,2,5,742.43,1
16892,2,5,518.19,1
16893,367,1,145.93,2
16895,65,1,202.27,2
16897,300,2,289.78,2
16898,27,3,501.03,0
16899,8,6,1271.06,1
16900,17,3,887.11,0
16902,117,1,1706.88,2
16903,30,1,363.2,2
16904,5,16,3653.75,1
16905,6,7,3037.6,1
16906,82,4,559.59,0
16907,30,5,928.76,0
16909,73,1,379.14,2
16910,5,8,1508.96,1
16912,29,11,2555.58,1
16913,291,1,113.44,2
16914,37,1,183.76,2
16915,10,6,621.68,0
16916,24,2,562.41,0
16917,277,1,391.52,2
16918,50,6,1068.82,0
16919,157,11,2592.25,0
16921,62,1,154.18,2
16923,13,19,7069.08,1
16924,22,3,829.89,0
16926,372,1,230.25,2
16927,116,3,543.05,0
16928,81,17,2814.7,1
16929,4,7,1295.39,1
16930,27,3,378.89,0
16931,6,21,4554.87,1
16932,54,1,150.23,2
16933,2,2,563.23,0
16934,55,2,931.03,0
16936,26,1,261.9,2
16938,9,4,2711.68,1
16940,53,3,3049.88,0
16942,13,9,1904.99,1
16943,212,3,816.73,0
16945,22,19,4345.5,1
16947,236,1,406.48,2
16948,139,3,435.02,2
16949,4,6,1286.27,1
16950,57,3,1178.56,0
16951,135,3,1277.75,0
16952,110,2,167.61,2
16953,31,1,20.8,2
16954,1,9,2085.08,1
16955,185,4,518.67,0
16956,18,1,308.74,2
16957,240,2,416.64,2
16959,88,1,117.35,2
16960,39,3,507.05,0
16961,117,1,234.17,2
16963,188,1,110.55,2
16965,227,1,201.19,2
16966,9,7,2154.97,1
16967,190,1,319.02,2
16968,5,2,439.43,0
16969,40,3,650.41,0
16971,39,1,357.21,2
16976,268,1,251.52,2
16978,78,1,344.33,2
16979,4,6,1852,1
16980,256,2,1028.46,2
16982,61,1,384.06,2
16983,13,7,1905.87,1
16984,89,2,4459.52,0
16985,18,10,5464.12,1
16986,30,2,1873.2,0
16987,4,7,1616.8,1
16988,6,1,126.12,2
16989,8,6,1133.25,1
16990,219,1,179,2
16992,11,5,1614.31,1
16996,31,6,1456.96,0
16997,289,3,702,2
16998,150,4,295,2
16999,24,2,484.82,0
17001,1,11,3989.57,1
17002,86,3,1493.73,0
17004,47,2,1312.14,0
17006,5,4,781.78,0
17007,51,6,889.93,0
17010,19,1,195.36,2
17011,31,1,270.9,2
17014,9,3,583.43,0
17015,29,3,1838.61,0
17017,3,20,8694.26,1
17018,41,2,920.1,0
17019,12,4,1258.08,0
17022,32,1,71,2
17024,46,3,95.85,2
17025,61,3,357.77,0
17026,186,2,154.83,2
17027,79,6,877.56,0
17029,111,2,716,0
17030,64,1,146.87,2
17031,12,2,380.35,0
17033,87,3,1030.14,0
17034,17,3,745.52,0
17035,246,2,433.53,2
17037,88,1,1267.32,2
17038,31,1,112.4,2
17040,138,1,449.73,2
17041,27,3,1071.49,0
17042,3,5,1036.58,1
17043,33,4,1735.18,0
17044,26,1,948.48,0
17045,114,3,339.44,2
17046,158,1,642.02,2
17047,86,3,1100.9,0
17048,118,3,925.35,0
17049,3,9,5655.03,1
17050,97,6,3185.64,0
17051,195,1,240.89,2
17052,29,1,399.09,2
17053,131,1,498.48,2
17054,29,5,1356.33,0
17058,82,3,1179.89,0
17059,30,5,3080.39,0
17060,267,1,234.24,2
17061,74,11,5232.23,1
17062,314,4,533.33,2
17063,22,7,1461.14,0
17064,59,3,855.45,0
17068,13,21,4552.14,1
17069,29,9,2709.7,1
17070,115,1,304.24,2
17071,29,9,2429.03,1
17073,18,4,1446.09,0
17075,18,4,834.12,0
17076,37,3,841.08,0
17078,37,2,378.2,0
17079,79,1,118.8,2
17080,23,2,287.62,0
17081,26,2,288.91,0
17082,34,2,2003.85,0
17083,110,3,1405.78,0
17084,36,2,2747.99,0
17085,124,5,1562.4,0
17086,8,6,2050.08,1
17088,29,4,1991.01,0
17090,5,7,1974.65,1
17091,3,9,3827.76,1
17092,51,4,1774.03,0
17094,323,1,302,2
17095,23,3,1324.16,0
17096,16,4,1022.13,0
17100,19,2,971.74,0
17101,11,4,1621.73,0
17102,262,1,25.5,2
17105,160,2,665.78,2
17107,34,6,10797.48,1
17109,30,6,881.29,0
17110,166,1,163.3,2
17111,48,1,231.61,2
17114,6,8,801.12,1
17115,9,3,837.5,0
17117,289,1,116.2,2
17118,318,1,157.02,2
17119,4,2,606.91,0
17120,234,1,307.46,2
17122,120,1,138.32,2
17123,162,1,345.3,2
17124,186,1,294.24,2
17125,51,1,230.5,2
17126,153,5,989.45,0
17128,335,1,157.09,2
17131,6,5,2463.17,1
17133,16,7,4892.24,1
17134,107,2,413.2,2
17135,17,7,1139.73,0
17138,276,1,380.5,2
17139,16,12,10650.77,1
17140,248,1,454.12,2
17142,240,1,579,2
17144,2,2,984.57,0
17146,106,3,749.78,0
17147,23,4,1714.59,0
17148,52,1,124.88,2
17152,195,3,1689.5,0
17153,25,1,213.78,2
17154,76,1,329.34,2
17155,18,2,251.7,0
17157,8,2,319,0
17158,33,3,1266.97,0
17159,22,3,1538.88,0
17160,32,6,3518.03,1
17162,29,10,1715.46,1
17163,22,2,293.1,0
17164,33,7,2467.35,1
17165,285,1,158.68,2
17166,39,2,206.34,2
17169,58,2,835.78,0
17171,290,1,224.91,2
17172,79,1,317.76,2
17173,6,8,3766.6,1
17174,218,1,59.9,2
17175,45,4,1443.69,0
17176,202,1,306.13,2
17179,179,3,711.79,0
17180,57,4,783.97,0
17181,58,2,239.92,2
17183,8,6,3347.31,1
17186,47,2,144,2
17187,227,1,203.95,2
17188,12,7,2474.23,1
17189,107,2,383.75,2
17190,59,2,444.74,0
17191,29,7,2093.68,1
17193,36,7,1699.3,0
17194,274,2,262.62,2
17197,30,1,1013.01,0
17198,24,3,692.22,0
17201,54,1,289.78,2
17203,36,6,3560.08,1
17204,176,4,1564.56,0
17205,54,1,384.08,2
17206,54,1,204.24,2
17211,27,8,2317.22,1
17212,254,1,226.85,2
17213,41,7,2781.23,1
17214,61,6,1059.12,0
17217,235,1,113.5,2
17218,5,10,1951.97,1
17219,32,1,114.23,2
17220,25,14,3187.55,1
17221,8,2,334.48,0
17222,66,1,328.65,2
17223,311,2,416.89,2
17226,309,1,393.49,2
17227,19,6,939.32,0
17228,16,8,1906.09,1
17229,97,2,318.76,2
17230,265,8,3638.41,0
17231,13,10,3124.72,1
17232,3,2,417.77,0
17233,36,1,190.88,2
17234,183,1,149.89,2
17235,26,2,550.06,0
17236,13,6,916.13,0
17237,12,2,314.69,0
17238,3,17,3719.1,1
17239,313,1,382.5,2
17242,109,2,1135.04,0
17243,2,26,8540.05,1
17244,54,1,954.9,2
17245,205,1,171.45,2
17247,16,1,280.09,2
17248,121,1,318.65,2
17250,4,2,381.97,0
17251,363,1,269.83,2
17252,117,2,348.91,2
17253,19,1,178.26,2
17254,5,2,271.19,0
17255,41,2,291.48,2
17256,108,2,240,2
17259,149,2,581.23,2
17262,53,5,1253.36,0
17263,209,1,63.44,2
17265,139,2,550.01,2
17266,3,3,296.58,0
17267,128,2,317.2,2
17268,108,4,763.64,0
17272,43,4,2148.63,0
17274,36,1,107.82,2
17277,228,2,1065.35,2
17278,242,1,246.04,2
17279,58,1,187.83,2
17282,131,3,1685.46,0
17284,61,6,1647.48,0
17286,22,1,151.37,2
17287,27,7,1049.06,0
17288,10,7,1417.63,1
17289,32,3,931.02,0
17290,4,2,513.01,0
17291,309,1,550.8,2
17293,9,9,1854.06,1
17295,29,3,547,0
17297,18,1,128.18,2
17298,102,2,498.42,2
17299,12,4,656.61,0
17301,22,1,163.24,2
17302,15,5,1135.63,0
17303,362,1,250.04,2
17306,11,19,8631.31,1
17309,96,1,82.75,2
17311,79,2,1384.85,0
17312,139,3,644.3,0
17313,32,1,2328.84,0
17314,25,8,2527.92,1
17315,2,38,6281.23,1
17317,47,3,2600.34,0
17320,101,3,1200.62,0
17321,9,2,657.16,0
17323,16,7,906.52,0
17324,18,4,986.48,0
17325,281,1,96.8,2
17329,15,2,523.11,0
17330,23,2,363.9,0
17331,124,1,175.2,2
17333,86,1,494.25,2
17334,303,2,307.02,2
17337,152,4,1981.06,0
17338,18,8,6493.54,1
17339,95,2,243.36,2
17340,30,11,12353.29,1
17341,157,3,682.29,0
17343,356,1,193.64,2
17344,47,1,157.62,2
17345,16,4,519.69,0
17346,4,15,2622.88,1
17347,87,1,228.96,2
17348,15,5,1156.6,0
17349,180,1,98.25,2
17350,9,4,1281.32,0
17351,37,3,587.15,0
17353,130,2,1740,0
17354,51,1,1393.06,0
17356,312,1,178.22,2
17357,25,2,384.39,0
17358,304,2,360.81,2
17359,12,1,127.86,2
17360,18,3,568.24,0
17361,50,3,488.2,0
17362,240,2,312.23,2
17364,1,11,4462.68,1
17365,13,8,4767.36,1
17367,239,1,167.55,2
17368,24,8,1878.87,1
17370,73,4,446.18,0
17371,18,3,418.4,0
17372,41,8,1337.18,0
17373,41,4,646.92,0
17374,219,2,495.77,2
17375,200,3,400.1,2
17376,71,2,203.2,2
17377,24,20,4058.32,1
17379,12,1,389.72,0
17381,9,29,20275.61,1
17382,66,1,65.4,2
17383,5,1,193.39,0
17384,20,2,336.4,0
17385,15,1,256.11,2
17386,8,6,2686.42,1
17387,20,2,746.81,0
17388,78,4,1259.56,0
17389,1,34,31833.68,1
17391,164,2,508.8,2
17392,307,2,417.27,2
17394,220,1,203.87,2
17396,40,8,7330.8,1
17397,23,2,681.41,0
17398,115,3,653.38,0
17400,127,5,2097.84,0
17402,5,13,2633.85,1
17403,37,1,263.92,2
17405,2,3,1031.41,1
17406,334,3,2184.42,0
17408,164,1,32.65,2
17409,185,2,771.85,2
17410,17,5,1214.72,0
17411,13,3,778.94,0
17412,3,7,1258.06,1
17414,44,2,778,0
17415,80,1,507.84,2
17416,30,7,6893.42,1
17418,43,2,463.46,0
17419,12,12,4226.57,1
17420,51,3,598.83,0
17422,17,6,1979.37,1
17423,47,2,698.41,0
17425,20,2,759.17,0
17426,9,6,5037.26,1
17427,72,1,100.8,2
17428,1,28,17256.85,1
17429,129,3,524.92,0
17430,33,2,265.76,2
17431,314,1,403.3,2
17432,19,2,365.76,0
17433,89,1,303.16,2
17434,3,7,2373.82,1
17436,2,2,216.3,0
17438,254,1,388.45,2
17440,157,3,186.42,2
17442,37,6,2248.56,0
17446,177,2,120.9,2
17447,41,2,541.53,0
17449,3,7,2519.21,1
17450,9,46,194390.79,1
17451,2,7,1721.4,1
17453,18,2,486.72,0
17454,193,4,517.53,0
17455,204,1,131.7,2
17456,366,1,249.86,2
17457,127,5,1737.7,0
17458,16,1,316.5,2
17459,44,2,657.3,0
17460,95,6,622.43,0
17461,23,3,735.82,0
17462,61,2,675.69,0
17463,17,5,1875.86,0
17464,159,1,289.96,2
17466,11,2,763.28,0
17468,11,2,137,0
17469,17,5,1870.97,0
17470,45,5,1125.07,0
17472,192,3,697.54,0
17475,80,1,194.37,2
17480,78,1,511.82,2
17481,4,4,1255.59,1
17483,66,3,414.04,0
17486,262,1,396.87,2
17489,59,2,376.64,2
17490,1,7,2092.32,1
17491,2,10,3558.87,1
17492,249,1,374.57,2
17495,8,2,497.56,0
17496,359,1,271.05,2
17498,76,1,272.22,2
17499,290,1,622.88,2
17500,18,3,1138,0
17501,221,2,288.6,2
17502,10,4,689.1,0
17503,3,2,558.96,0
17504,207,9,2997.03,0
17505,162,2,1145.84,0
17506,76,1,302.2,2
17507,262,2,605.58,2
17509,58,8,6083.64,1
17510,25,1,308.48,2
17511,3,31,91062.38,1
17512,29,10,2924.99,1
17513,73,1,513.2,2
17514,129,1,208.65,2
17515,32,4,639.02,0
17516,16,5,764.88,0
17517,309,1,153.94,2
17519,18,6,1844.02,1
17520,54,1,546.81,2
17521,30,3,723.21,0
17522,2,5,1070.71,1
17523,12,4,652.74,0
17524,362,1,145,2
17525,360,1,422.7,2
17526,5,4,1195.9,1
17527,54,4,939.37,0
17528,2,8,3628.5,1
17530,2,10,2367.12,1
17531,191,1,296.7,2
17534,54,1,223.36,2
17535,281,1,164.4,2
17536,178,1,76.5,2
17537,30,2,887.67,0
17538,26,1,98.42,2
17540,25,2,578.9,0
17542,270,1,170.75,2
17545,44,3,642.32,0
17548,234,1,103.3,2
17549,24,2,148.86,2
17550,198,3,267.16,2
17551,360,1,290.34,2
17552,61,4,930.41,0
17553,130,1,1487.6,2
17554,2,5,1952.45,1
17555,20,2,480.31,0
17556,206,1,157.9,2
17557,15,3,541.46,0
17560,95,4,854.95,0
17561,20,1,165.12,2
17562,15,7,1122.38,1
17564,25,3,454.01,0
17566,9,2,869.77,0
17567,8,8,4331.48,1
17569,333,1,344.14,2
17571,51,4,1425.67,0
17572,72,4,226.75,0
17573,30,3,380.6,0
17574,243,1,185.65,2
17576,9,19,3564.83,1
17578,219,1,143.46,2
17579,5,3,448.9,0
17580,253,3,215.72,2
17581,1,25,11025.24,1
17582,237,1,175.27,2
17584,8,2,1242.3,0
17585,110,4,1116.68,0
17588,101,3,1240.2,0
17589,61,4,2404.17,0
17590,3,3,1468.02,1
17591,74,7,2203.67,0
17593,4,5,3923.86,1
17594,86,2,993.18,0
17595,13,2,386.69,0
17596,24,7,2806.69,1
17597,214,1,2044.37,2
17600,18,1,161.67,2
17601,240,1,116.01,2
17602,3,6,5054.42,1
17603,79,1,394.72,2
17604,218,2,309.36,2
17608,34,2,191.99,2
17609,41,5,1105.78,0
17611,8,15,3961.12,1
17612,54,6,2048.45,0
17613,23,14,4544.55,1
17614,58,1,386.32,2
17615,131,3,329.6,2
17616,174,3,571.2,0
17618,6,3,930.28,0
17619,313,1,214.37,2
17620,60,1,81.44,2
17621,22,3,1379.9,0
17623,33,1,527.05,2
17624,15,2,843.48,0
17625,19,4,2020.4,0
17628,82,1,75.75,2
17629,6,8,1814.12,1
17630,170,2,503.6,2
17631,2,3,528.33,0
17633,32,4,1324.84,0
17634,37,9,2358.59,1
17636,20,1,285.56,2
17637,32,2,547.06,0
17639,277,1,108.5,2
17640,87,1,621.66,2
17642,120,2,712.29,2
17643,374,1,101.55,2
17644,2,11,2895.64,1
17646,220,3,1008.39,0
17647,66,1,133.06,2
17648,61,4,1797.5,0
17649,139,1,868.49,2
17650,22,1,166.08,2
17651,12,10,3945,1
17652,26,12,4867.72,1
17653,37,4,1207.56,0
17654,278,1,117.55,2
17655,11,7,2638.94,1
17656,74,5,1674.69,0
17658,26,2,595.42,0
17659,18,12,2999.46,1
17660,142,1,178.75,2
17663,26,7,1802.91,1
17664,19,2,604.64,0
17666,4,2,728.16,0
17667,67,5,2055.51,0
17668,2,2,347.75,0
17669,43,7,3406.72,1
17670,228,1,205.7,2
17671,16,4,1572.71,0
17672,51,2,3178.17,0
17673,2,6,1594.97,1
17674,75,2,551.04,0
17675,2,31,20374.28,1
17676,5,6,1371.18,1
17677,2,30,16345.38,1
17678,264,1,298.11,2
17679,53,2,1992.11,0
17680,24,1,184.4,2
17682,11,6,2474.33,1
17684,44,1,239.41,2
17685,17,7,3155.83,1
17686,8,7,5739.46,1
17690,31,15,4726.8,1
17691,359,2,290.4,2
17692,128,4,740.94,0
17693,138,1,200.47,2
17694,142,1,283.12,2
17695,132,2,765.34,2
17696,39,8,2285.71,1
17697,237,1,338.95,2
17698,261,1,154.95,2
17700,17,4,2534.64,0
17701,253,1,417.95,2
17702,31,4,1824.37,0
17703,36,3,798.74,0
17704,169,2,885.19,2
17705,4,9,1823.52,1
17706,5,17,10504.49,1
17707,186,2,152.4,2
17708,188,2,263.33,2
17709,170,1,137.45,2
17711,11,2,385.1,0
17712,45,1,522.91,2
17714,321,1,153,2
17715,201,1,326.4,2
17716,23,11,5655.99,1
17718,233,1,139.35,2
17719,38,15,5396.04,1
17720,27,4,1195.94,0
17722,97,4,2424.04,0
17723,128,6,3276.4,0
17724,72,3,1033,0
17725,17,11,3439.08,1
17727,16,1,1060.25,0
17728,4,3,2876.01,1
17730,4,13,5298.48,1
17731,80,4,1240.11,0
17732,373,1,303.97,2
17733,39,2,692.19,0
17734,54,3,700.63,0
17735,3,19,13110.02,1
17736,10,3,377.44,0
17737,10,2,168.24,0
17738,20,4,1879.05,0
17739,12,7,2791.35,1
17742,114,2,355.11,2
17744,4,6,2322.4,1
17746,241,1,110.25,2
17747,113,1,71.4,2
17749,179,2,674.52,2
17750,6,9,1710.45,1
17752,360,1,80.64,2
17754,1,5,1664.65,1
17757,2,30,5593.39,1
17758,20,8,3408.2,1
17759,18,3,819.96,0
17760,22,2,287.59,0
17761,33,1,712.78,2
17763,264,1,15,2
17764,51,2,772.55,0
17765,159,3,367.63,2
17767,16,1,271.2,2
17768,9,3,2081.9,0
17769,13,10,3957.43,1
17770,199,5,1143.27,0
17771,57,2,245.81,2
17772,11,2,173.45,0
17774,97,4,1213.73,0
17775,255,1,56.4,2
17777,25,3,647.56,0
17779,22,3,650.32,0
17781,160,2,188.02,2
17783,73,2,283.47,2
17785,54,1,131.94,2
17786,86,2,266.85,2
17787,153,4,1817.54,0
17788,74,2,1117.9,0
17789,282,1,225.9,2
17790,27,14,1964.3,1
17791,30,1,106.1,2
17793,26,1,300.34,2
17795,180,2,342.83,2
17796,41,4,690,0
17797,23,3,780.43,0
17799,23,10,3039.17,1
17800,38,9,1187.21,0
17802,83,3,1285.04,0
17805,74,1,512.31,2
17806,12,1,546.04,0
17809,17,12,5411.91,1
17811,5,39,7761.82,1
17812,13,4,699.81,0
17813,15,5,1698.07,0
17816,37,4,36.56,2
17817,5,3,387.68,0
17819,72,7,3704.87,0
17824,52,1,298.4,2
17827,6,5,1987.33,1
17830,2,3,398.7,0
17831,34,1,35.4,2
17832,50,1,155.37,2
17835,3,3,342.24,0
17836,48,1,110.21,2
17837,43,8,1541.23,0
17838,27,5,2720.8,0
17839,43,1,318.15,2
17841,2,124,40519.84,1
17843,304,1,205.48,2
17846,86,1,2033.1,0
17848,82,9,901.2,0
17849,219,4,605.8,0
17850,373,34,5391.21,1
17852,12,2,114.34,2
17854,186,2,311.26,2
17855,373,1,208.97,2
17856,2,4,1418.03,1
17857,5,23,26879.04,1
17858,6,12,5140.66,1
17859,305,1,141.92,2
17860,369,1,226.45,2
17861,4,8,2097.88,1
17862,324,1,330.9,2
17863,60,6,3160,0
17864,13,3,554.85,0
17865,31,20,10526.32,1
17866,143,1,329.65,2
17867,31,6,1157.87,0
17869,108,5,428.18,0
17870,3,12,1865.89,1
17871,205,1,155.9,2
17873,81,5,1848.96,0
17874,186,6,683.46,0
17877,171,1,237.61,2
17878,44,1,379.45,2
17879,174,1,178.52,2
17880,365,1,458.92,2
17881,305,1,133.35,2
17883,4,4,664.34,0
17884,4,4,695.07,0
17885,13,1,156.34,2
17886,32,3,869.28,0
17887,130,1,111.35,2
17888,22,8,716,0
17889,213,2,201.37,2
17890,323,2,586.89,2
17891,163,1,203.86,2
17892,57,3,244.1,0
17893,226,1,107.21,2
17894,72,8,1118.96,0
17895,45,1,95.45,2
17896,24,1,256.32,2
17897,173,3,541.81,0
17898,86,2,152.06,2
17899,160,1,154.55,2
17900,191,2,112.2,2
17901,30,1,110.38,2
17904,22,1,181.07,2
17905,72,4,798.99,0
17906,248,1,72.9,2
17908,374,1,232.03,2
17911,10,1,366.23,0
17912,311,5,310.06,2
17913,59,2,408.65,2
17914,4,1,329.36,0
17917,46,3,335.03,0
17919,89,1,1304.04,2
17920,5,17,4119.5,1
17921,65,4,820.23,0
17923,283,1,207.5,2
17924,12,7,2962.5,1
17925,373,1,244.08,2
17926,134,2,397.29,2
17928,46,2,212.54,2
17929,12,4,843,0
17930,36,5,1740.48,0
17931,135,2,408.36,2
17932,30,3,1331.57,0
17934,52,2,704.25,0
17935,139,2,145.79,2
17936,6,1,380.13,0
17937,9,7,4301.22,1
17939,160,1,99.14,2
17940,50,10,4020.04,1
17941,131,1,304.56,2
17942,8,1,77.5,2
17946,234,2,149.58,2
17947,38,1,176.68,2
17948,148,1,358.56,2
17949,2,45,58510.48,1
17950,73,3,482.2,0
17951,40,3,1008.54,0
17954,6,12,2314.13,1
17955,199,4,557.3,0
17956,250,1,12.75,2
17957,67,1,111.68,2
17958,117,1,508.46,2
17960,172,1,73.78,2
17961,22,39,1296.44,1
17962,143,1,102.41,2
17964,32,2,463.21,0
17965,38,14,2599.19,1
17966,38,5,1098.43,0
17967,372,1,112.27,2
17968,374,1,265.1,2
17969,167,2,228.2,2
17970,212,1,562.79,2
17972,242,1,135.19,2
17973,52,1,337.04,2
17974,25,3,703.99,0
17975,16,13,4483.26,1
17976,373,1,321.79,2
17977,30,1,288.14,2
17978,366,1,300.92,2
17979,36,4,732.41,0
17980,166,3,811.45,0
17984,146,1,152.68,2
17985,23,1,631.35,0
17986,57,1,20.8,2
17987,186,1,198.57,2
17988,12,7,201.12,0
17990,237,3,630.84,2
17991,226,2,93.35,2
17994,122,4,674.89,0
17995,282,1,76.1,2
17997,75,8,1962.46,0
17999,38,2,380.39,0
18001,13,2,415.13,0
18004,363,1,157.92,2
18005,4,2,226.47,0
18006,24,1,444.68,2
18008,71,9,2116.19,0
18009,236,1,247.39,2
18010,257,1,174.8,2
18011,374,1,102.79,2
18013,156,2,187.29,2
18014,29,1,162.22,2
18015,5,1,120.03,2
18016,33,5,1477.66,0
18017,82,3,523,0
18018,109,2,122.14,2
18019,52,1,38.45,2
18022,36,1,612.72,2
18024,153,2,389.78,2
18027,99,1,115.31,2
18030,5,2,230.65,0
18032,335,1,73.5,2
18033,66,1,93.82,2
18034,22,2,418.68,0
18035,36,3,713.89,0
18036,33,3,403.12,0
18037,155,6,70.02,2
18040,20,2,357.2,0
18041,12,21,4097.37,1
18042,54,1,165.05,2
18043,25,3,529.29,0
18044,5,10,2088.6,1
18045,46,1,178.34,2
18048,204,2,172.29,2
18050,360,1,74.4,2
18053,71,1,300.02,2
18055,8,10,6761.34,1
18056,289,1,363.65,2
18058,10,1,170.16,2
18059,24,3,306.46,0
18061,22,10,2119.41,1
18062,174,3,720.52,0
18064,134,2,814,0
18065,6,14,2392.83,1
18066,76,1,318,2
18067,41,1,396.33,2
18068,290,1,101.7,2
18069,27,5,2009.24,0
18071,258,2,453,2
18072,186,1,247.44,2
18073,115,12,3859.82,1
18074,374,1,489.6,2
18075,24,10,2611.75,1
18077,9,11,2584.41,1
18078,218,2,336.13,2
18079,46,4,3613.15,0
18080,19,2,1231.5,0
18081,37,3,343.45,0
18082,26,1,680.84,0
18084,17,1,90.48,2
18085,331,2,689.95,2
18086,275,1,101.34,2
18087,99,2,4055.72,0
18088,62,1,166.03,2
18092,3,11,9068.26,1
18093,94,4,2106.52,0
18094,82,7,3017.3,0
18095,313,2,580.05,2
18096,12,3,849.06,0
18097,8,6,2662.4,1
18099,128,1,168.31,2
18101,12,2,222.4,0
18102,1,60,259657.3,1
18104,38,1,754.64,2
18105,38,1,113.48,2
18106,330,1,421.9,2
18108,255,1,271,2
18109,2,26,8004.92,1
18110,20,1,198.8,2
18112,13,2,352.69,0
18113,369,1,76.32,2
18114,291,1,220.1,2
18116,68,8,1403.11,0
18117,26,1,315.65,2
18118,11,26,5625.08,1
18119,368,1,180.7,2
18120,215,1,111.15,2
18121,150,2,653.3,2
18122,9,6,1793.06,1
18123,25,2,574.44,0
18125,30,4,1131.75,0
18126,61,1,200.92,2
18127,20,3,347.08,0
18129,244,1,112.55,2
18130,16,3,1059.39,0
18133,213,1,931.5,2
18135,30,5,681.91,0
18136,64,3,784.33,0
18138,296,1,152.65,2
18139,18,6,8438.34,1
18142,158,2,1019.52,0
18143,117,2,1000.16,0
18144,8,12,2888.75,1
18145,13,4,2861.55,1
18146,141,2,160.35,2
18147,46,2,179.34,2
18149,51,3,612.08,0
18150,33,3,566.58,0
18151,135,2,653.35,2
18154,4,2,399.19,0
18155,76,3,371.62,0
18156,13,2,675.64,0
18158,10,2,453.4,0
18159,302,1,530.15,2
18160,58,2,638.06,0
18161,16,5,1618.69,0
18164,38,1,399.65,2
18165,178,1,302.46,2
18167,24,3,1384.86,0
18168,177,6,1160.04,0
18169,61,1,202.65,2
18170,34,3,980.31,0
18171,59,5,1231.31,0
18172,15,20,7561.68,1
18173,87,4,2106.84,0
18174,8,1,104,2
18176,359,1,476.35,2
18177,32,6,1340.87,0
18178,129,4,1590.81,0
18179,10,6,1793.17,1
18180,5,6,1843.75,1
18181,25,1,366.85,2
18183,228,2,632.07,2
18184,16,1,49.8,2
18185,250,1,304.25,2
18188,16,3,2001.04,0
18189,78,2,1090.24,0
18190,193,2,284.46,2
18191,262,1,207.8,2
18192,72,1,957.97,2
18193,166,1,243.76,2
18194,83,1,973.84,2
18196,96,2,686.63,0
18198,5,17,5425.56,1
18200,107,1,150.35,2
18202,200,3,1396.99,0
18203,158,1,160.42,2
18204,72,3,1975.35,0
18205,37,2,517.36,0
18209,29,1,139.1,2
18210,2,6,2621.38,1
18211,26,5,600.07,0
18212,327,1,216.07,2
18213,237,1,232.48,2
18215,90,1,299.34,2
18216,32,1,481.75,2
18217,30,2,621.75,0
18218,212,2,641.92,2
18219,3,10,2069.77,1
18220,227,1,305.28,2
18221,23,5,1041.61,0
18222,93,1,443,2
18223,5,14,6484.54,1
18224,264,1,158.95,2
18225,4,12,5504.96,1
18226,45,11,5228.05,1
18227,218,1,93.75,2
18228,57,2,779.9,0
18229,12,20,7276.9,1
18230,10,7,2810.2,1
18231,193,5,2071.77,0
18232,82,4,592.97,0
18233,326,1,440,2
18235,72,3,1796.48,0
18236,30,6,882.24,0
18237,3,5,987.1,1
18239,219,5,1561.61,0
18240,47,1,422.58,2
18241,10,17,2073.09,1
18242,73,4,2232.49,0
18245,8,7,2567.06,1
18246,24,2,596.1,0
18248,123,2,804.02,0
18249,18,1,95.34,2
18250,311,1,349.27,2
18251,88,1,4314.72,0
18252,51,2,518.27,0
18255,90,1,103.3,2
18257,40,8,2337.63,1
18259,25,3,2338.6,0
18260,173,6,2628.35,0
18261,44,2,324.24,2
18262,141,1,149.48,2
18263,26,3,1213.16,0
18265,73,2,801.51,0
18268,135,1,25.5,2
18269,367,1,168.6,2
18270,39,2,283.15,2
18272,3,6,3078.58,1
18273,3,3,204,0
18274,31,1,175.92,2
18276,44,1,335.86,2
18277,59,1,110.38,2
18278,74,1,173.9,2
18280,278,1,180.6,2
18281,181,1,80.82,2
18282,8,2,178.05,0
18283,4,16,2045.53,1
18287,43,3,1837.28,0